zaman,yukseklik,ivme
0.000,0.0,-7.5787
0.020,0.0,-3.2904
0.040,0.0,0.99911
0.060,7.9995e-06,5.2896
0.080,6.6328e-05,9.5811
0.100,0.00024365,13.874
0.120,0.00060864,18.167
0.140,0.00123,22.462
0.160,0.0021764,26.757
0.180,0.0035167,31.054
0.200,0.0053194,35.351
0.220,0.0076535,39.65
0.240,0.010588,43.949
0.260,0.014191,48.249
0.280,0.018531,52.551
0.300,0.023679,56.853
0.320,0.029701,61.157
0.340,0.036668,65.461
0.360,0.044648,69.766
0.380,0.053709,74.073
0.400,0.063922,78.38
0.420,0.075354,82.688
0.440,0.088075,86.997
0.460,0.10215,91.307
0.480,0.11766,95.618
0.500,0.13466,97.534
0.520,0.15321,97.059
0.540,0.17331,96.589
0.560,0.19496,96.119
0.580,0.21816,95.648
0.600,0.24289,95.177
0.620,0.26914,94.706
0.640,0.29692,94.235
0.660,0.3262,93.764
0.680,0.35699,93.292
0.700,0.38928,92.82
0.720,0.42306,92.348
0.740,0.45832,91.875
0.760,0.49505,91.402
0.780,0.53325,90.929
0.800,0.57291,90.456
0.820,0.61402,89.982
0.840,0.65657,89.508
0.860,0.70056,89.034
0.880,0.74598,88.56
0.900,0.79282,88.086
0.920,0.84107,87.611
0.940,0.89073,87.136
0.960,0.94179,86.661
0.980,0.99424,86.185
1.000,1.0481,85.85
1.020,1.1033,85.653
1.040,1.1599,85.455
1.060,1.2178,85.257
1.080,1.2771,85.058
1.100,1.3378,84.86
1.120,1.3998,84.662
1.140,1.4632,84.463
1.160,1.528,84.265
1.180,1.5941,84.066
1.200,1.6615,83.867
1.220,1.7303,83.668
1.240,1.8004,83.469
1.260,1.8719,83.27
1.280,1.9447,83.071
1.300,2.0188,82.872
1.320,2.0943,82.673
1.340,2.1711,82.473
1.360,2.2492,82.274
1.380,2.3286,82.074
1.400,2.4093,81.874
1.420,2.4914,81.674
1.440,2.5747,81.475
1.460,2.6594,81.275
1.480,2.7454,81.075
1.500,2.8326,80.969
1.520,2.9212,80.958
1.540,3.011,80.946
1.560,3.1022,80.935
1.580,3.1946,80.923
1.600,3.2884,80.912
1.620,3.3834,80.9
1.640,3.4797,80.888
1.660,3.5774,80.877
1.680,3.6763,80.865
1.700,3.7765,80.853
1.720,3.878,80.842
1.740,3.9808,80.83
1.760,4.0849,80.818
1.780,4.1903,80.806
1.800,4.297,80.794
1.820,4.405,80.782
1.840,4.5142,80.771
1.860,4.6248,80.759
1.880,4.7366,80.747
1.900,4.8498,80.735
1.920,4.9642,80.722
1.940,5.08,80.71
1.960,5.197,80.698
1.980,5.3153,80.686
2.000,5.4349,80.737
2.020,5.5558,80.852
2.040,5.678,80.967
2.060,5.8015,81.082
2.080,5.9263,81.197
2.100,6.0523,81.176
2.120,6.2439,81.368
2.140,6.5367,81.656
2.160,6.9883,82.088
2.180,7.6849,82.729
2.200,8.4144,83.267
2.220,9.1772,83.492
2.240,9.9734,83.65
2.260,10.803,83.809
2.280,11.666,83.972
2.300,12.563,84.136
2.320,13.493,84.298
2.340,14.457,84.457
2.360,15.455,84.617
2.380,16.487,84.784
2.400,17.553,84.952
2.420,18.652,85.116
2.440,19.786,85.275
2.460,20.954,85.433
2.480,22.155,85.597
2.500,23.392,85.762
2.520,24.662,85.926
2.540,25.967,86.089
2.560,27.306,86.252
2.580,28.68,86.42
2.600,30.088,86.589
2.620,31.531,86.755
2.640,33.009,86.919
2.660,34.521,87.083
2.680,36.069,87.251
2.700,37.651,87.371
2.720,39.268,87.096
2.740,40.92,86.729
2.760,42.607,86.358
2.780,44.328,85.984
2.800,46.084,85.608
2.820,47.875,85.23
2.840,49.699,84.848
2.860,51.558,84.464
2.880,53.45,84.078
2.900,55.376,83.689
2.920,57.336,83.297
2.940,59.329,82.901
2.960,61.356,82.503
2.980,63.415,82.1
3.000,65.508,81.695
3.020,67.633,81.287
3.040,69.791,80.877
3.060,71.981,80.464
3.080,74.204,80.048
3.100,76.458,79.631
3.120,78.745,79.212
3.140,81.064,78.791
3.160,83.414,78.369
3.180,85.795,77.943
3.200,88.208,77.545
3.220,90.652,77.382
3.240,93.127,77.269
3.260,95.633,77.153
3.280,98.17,77.036
3.300,100.74,76.919
3.320,103.34,76.803
3.340,105.97,76.688
3.360,108.62,76.574
3.380,111.32,76.457
3.400,114.04,76.341
3.420,116.79,76.226
3.440,119.57,76.111
3.460,122.38,75.996
3.480,125.23,75.882
3.500,128.1,75.768
3.520,131.0,75.655
3.540,133.94,75.542
3.560,136.9,75.428
3.580,139.9,75.311
3.600,142.92,75.193
3.620,145.98,75.071
3.640,149.06,74.947
3.660,152.18,74.821
3.680,155.32,74.691
3.700,158.5,74.549
3.720,161.7,74.32
3.740,164.94,74.066
3.760,168.2,73.808
3.780,171.5,73.549
3.800,174.82,73.289
3.820,178.17,73.027
3.840,181.55,72.761
3.860,184.97,72.494
3.880,188.41,72.231
3.900,191.88,71.97
3.920,195.37,71.707
3.940,198.9,71.444
3.960,202.46,71.182
3.980,206.04,70.924
4.000,209.65,70.668
4.020,213.29,70.413
4.040,216.96,70.16
4.060,220.66,69.906
4.080,224.38,69.651
4.100,228.14,69.396
4.120,231.92,69.139
4.140,235.73,68.881
4.160,239.56,68.62
4.180,243.43,68.356
4.200,247.32,68.078
4.220,251.24,67.704
4.240,255.18,67.304
4.260,259.15,66.9
4.280,263.15,66.494
4.300,267.18,66.086
4.320,271.23,65.677
4.340,275.31,65.267
4.360,279.42,64.856
4.380,283.55,64.447
4.400,287.7,64.037
4.420,291.89,63.628
4.440,296.1,63.218
4.460,300.33,62.807
4.480,304.59,62.394
4.500,308.87,61.98
4.520,313.18,61.563
4.540,317.51,61.146
4.560,321.87,60.726
4.580,326.26,60.306
4.600,330.66,59.885
4.620,335.09,59.462
4.640,339.55,59.037
4.660,344.03,58.61
4.680,348.53,58.185
4.700,353.05,57.779
4.720,357.6,57.527
4.740,362.17,57.307
4.760,366.77,57.086
4.780,371.38,56.868
4.800,376.02,56.651
4.820,380.69,56.434
4.840,385.37,56.217
4.860,390.08,55.999
4.880,394.81,55.779
4.900,399.56,55.558
4.920,404.34,55.337
4.940,409.13,55.116
4.960,413.95,54.578
4.980,418.8,53.616
5.000,423.66,52.648
5.020,428.54,51.68
5.040,433.45,50.71
5.060,438.37,49.742
5.080,443.32,48.774
5.100,448.28,47.806
5.120,453.27,46.838
5.140,458.27,45.871
5.160,463.29,44.905
5.180,468.33,43.938
5.200,473.39,42.953
5.220,478.47,41.825
5.240,483.56,40.662
5.260,488.67,39.497
5.280,493.79,38.331
5.300,498.93,37.163
5.320,504.09,35.996
5.340,509.26,34.829
5.360,514.44,33.663
5.380,519.64,32.498
5.400,524.85,31.335
5.420,530.08,30.175
5.440,535.31,29.018
5.460,540.56,28.311
5.480,545.82,28.199
5.500,551.09,28.074
5.520,556.37,27.819
5.540,561.66,27.533
5.560,566.97,27.246
5.580,572.28,26.958
5.600,577.61,26.669
5.620,582.95,26.379
5.640,588.29,26.088
5.660,593.65,25.796
5.680,599.02,25.505
5.700,604.4,25.13
5.720,609.79,24.06
5.740,615.19,22.835
5.760,620.59,21.611
5.780,626.01,20.388
5.800,631.44,19.168
5.820,636.87,17.948
5.840,642.31,16.729
5.860,647.76,15.51
5.880,653.21,14.291
5.900,658.67,13.073
5.920,664.14,11.856
5.940,669.61,10.638
5.960,675.08,9.6961
5.980,680.56,9.1216
6.000,686.04,8.5507
6.020,691.53,7.9819
6.040,697.02,7.4149
6.060,702.51,6.8492
6.080,708.01,6.2849
6.100,713.5,5.7204
6.120,719.0,5.1552
6.140,724.51,4.5896
6.160,730.01,4.024
6.180,735.52,3.4586
6.200,741.02,2.9182
6.220,746.53,2.5837
6.240,752.04,2.2959
6.260,757.55,2.0089
6.280,763.07,1.7218
6.300,768.58,1.4356
6.320,774.09,1.1505
6.340,779.61,0.8659
6.360,785.12,0.58073
6.380,790.64,0.29484
6.400,796.15,0.0081912
6.420,801.66,-0.27934
6.440,807.18,-0.56768
6.460,812.69,-0.93336
6.480,818.21,-1.4017
6.500,823.72,-1.869
6.520,829.24,-2.3326
6.540,834.75,-2.7919
6.560,840.26,-3.2486
6.580,845.77,-3.7046
6.600,851.28,-4.1591
6.620,856.78,-4.6128
6.640,862.29,-5.0664
6.660,867.79,-5.5195
6.680,873.29,-5.9724
6.700,878.79,-6.4226
6.720,884.29,-6.8487
6.740,889.78,-7.27
6.760,895.28,-7.6917
6.780,900.76,-8.1125
6.800,906.25,-8.5322
6.820,911.73,-8.9503
6.840,917.21,-9.3668
6.860,922.68,-9.7822
6.880,928.15,-10.197
6.900,933.62,-10.612
6.920,939.08,-11.026
6.940,944.54,-11.44
6.960,949.99,-11.854
6.980,955.44,-12.269
7.000,960.89,-12.685
7.020,966.33,-13.103
7.040,971.76,-13.52
7.060,977.19,-13.937
7.080,982.61,-14.35
7.100,988.03,-14.761
7.120,993.44,-15.166
7.140,998.85,-15.566
7.160,1004.2,-15.964
7.180,1009.6,-16.365
7.200,1015.0,-16.738
7.220,1020.4,-16.879
7.240,1025.8,-16.969
7.260,1031.1,-17.06
7.280,1036.5,-17.154
7.300,1041.9,-17.248
7.320,1047.2,-17.342
7.340,1052.5,-17.436
7.360,1057.9,-17.531
7.380,1063.2,-17.626
7.400,1068.5,-17.719
7.420,1073.8,-17.813
7.440,1079.1,-17.906
7.460,1084.4,-17.999
7.480,1089.7,-18.092
7.500,1095.0,-18.186
7.520,1100.3,-18.281
7.540,1105.6,-18.377
7.560,1110.8,-18.474
7.580,1116.1,-18.572
7.600,1121.3,-18.672
7.620,1126.6,-18.771
7.640,1131.8,-18.87
7.660,1137.0,-18.967
7.680,1142.2,-19.063
7.700,1147.4,-19.148
7.720,1152.6,-19.166
7.740,1157.8,-19.168
7.760,1163.0,-19.17
7.780,1168.2,-19.173
7.800,1173.4,-19.177
7.820,1178.5,-19.181
7.840,1183.7,-19.187
7.860,1188.8,-19.195
7.880,1194.0,-19.203
7.900,1199.1,-19.214
7.920,1204.2,-19.226
7.940,1209.3,-19.237
7.960,1214.4,-19.247
7.980,1219.5,-19.26
8.000,1224.6,-19.273
8.020,1229.7,-19.284
8.040,1234.8,-19.292
8.060,1239.9,-19.3
8.080,1244.9,-19.306
8.100,1250.0,-19.313
8.120,1255.0,-19.322
8.140,1260.1,-19.334
8.160,1265.1,-19.348
8.180,1270.1,-19.363
8.200,1275.2,-19.374
8.220,1280.2,-19.349
8.240,1285.2,-19.316
8.260,1290.2,-19.283
8.280,1295.1,-19.252
8.300,1300.1,-19.22
8.320,1305.1,-19.183
8.340,1310.1,-19.141
8.360,1315.0,-19.097
8.380,1320.0,-19.051
8.400,1324.9,-19.005
8.420,1329.8,-18.961
8.440,1334.7,-18.918
8.460,1339.7,-18.878
8.480,1344.6,-18.841
8.500,1349.5,-18.805
8.520,1354.4,-18.771
8.540,1359.3,-18.738
8.560,1364.1,-18.705
8.580,1369.0,-18.672
8.600,1373.9,-18.638
8.620,1378.7,-18.602
8.640,1383.6,-18.566
8.660,1388.4,-18.528
8.680,1393.3,-18.491
8.700,1398.1,-18.454
8.720,1402.9,-18.418
8.740,1407.7,-18.383
8.760,1412.5,-18.35
8.780,1417.3,-18.318
8.800,1422.1,-18.286
8.820,1426.9,-18.255
8.840,1431.7,-18.226
8.860,1436.4,-18.197
8.880,1441.2,-18.166
8.900,1445.9,-18.135
8.920,1450.7,-18.104
8.940,1455.4,-18.072
8.960,1460.2,-18.039
8.980,1464.9,-18.006
9.000,1469.6,-17.972
9.020,1474.3,-17.938
9.040,1479.0,-17.904
9.060,1483.7,-17.87
9.080,1488.4,-17.834
9.100,1493.1,-17.799
9.120,1497.8,-17.764
9.140,1502.4,-17.73
9.160,1507.1,-17.698
9.180,1511.7,-17.667
9.200,1516.4,-17.637
9.220,1521.0,-17.607
9.240,1525.7,-17.578
9.260,1530.3,-17.55
9.280,1534.9,-17.521
9.300,1539.5,-17.493
9.320,1544.1,-17.464
9.340,1548.7,-17.434
9.360,1553.3,-17.403
9.380,1557.9,-17.372
9.400,1562.5,-17.34
9.420,1567.0,-17.31
9.440,1571.6,-17.28
9.460,1576.2,-17.25
9.480,1580.7,-17.221
9.500,1585.3,-17.193
9.520,1589.8,-17.166
9.540,1594.3,-17.139
9.560,1598.8,-17.114
9.580,1603.3,-17.09
9.600,1607.9,-17.066
9.620,1612.4,-17.042
9.640,1616.9,-17.018
9.660,1621.3,-16.994
9.680,1625.8,-16.966
9.700,1630.3,-16.937
9.720,1634.8,-16.909
9.740,1639.2,-16.88
9.760,1643.7,-16.85
9.780,1648.1,-16.822
9.800,1652.6,-16.793
9.820,1657.0,-16.762
9.840,1661.4,-16.732
9.860,1665.8,-16.702
9.880,1670.3,-16.673
9.900,1674.7,-16.646
9.920,1679.1,-16.619
9.940,1683.4,-16.593
9.960,1687.8,-16.568
9.980,1692.2,-16.544
10.000,1696.6,-16.52
10.020,1701.0,-16.496
10.040,1705.3,-16.471
10.060,1709.7,-16.446
10.080,1714.0,-16.422
10.100,1718.4,-16.397
10.120,1722.7,-16.371
10.140,1727.0,-16.344
10.160,1731.3,-16.317
10.180,1735.7,-16.291
10.200,1740.0,-16.265
10.220,1744.3,-16.24
10.240,1748.6,-16.215
10.260,1752.8,-16.191
10.280,1757.1,-16.168
10.300,1761.4,-16.147
10.320,1765.7,-16.127
10.340,1769.9,-16.106
10.360,1774.2,-16.086
10.380,1778.4,-16.068
10.400,1782.7,-16.05
10.420,1786.9,-16.03
10.440,1791.1,-16.006
10.460,1795.4,-15.981
10.480,1799.6,-15.961
10.500,1803.8,-15.94
10.520,1808.0,-15.917
10.540,1812.2,-15.89
10.560,1816.4,-15.863
10.580,1820.6,-15.836
10.600,1824.8,-15.808
10.620,1828.9,-15.781
10.640,1833.1,-15.754
10.660,1837.3,-15.728
10.680,1841.4,-15.703
10.700,1845.6,-15.679
10.720,1849.7,-15.657
10.740,1853.8,-15.636
10.760,1858.0,-15.616
10.780,1862.1,-15.596
10.800,1866.2,-15.576
10.820,1870.3,-15.557
10.840,1874.4,-15.537
10.860,1878.5,-15.517
10.880,1882.6,-15.494
10.900,1886.7,-15.471
10.920,1890.8,-15.448
10.940,1894.8,-15.425
10.960,1898.9,-15.402
10.980,1903.0,-15.379
11.000,1907.0,-15.357
11.020,1911.1,-15.335
11.040,1915.1,-15.314
11.060,1919.1,-15.294
11.080,1923.2,-15.276
11.100,1927.2,-15.258
11.120,1931.2,-15.241
11.140,1935.2,-15.225
11.160,1939.2,-15.208
11.180,1943.2,-15.188
11.200,1947.2,-15.167
11.220,1951.2,-15.148
11.240,1955.2,-15.131
11.260,1959.2,-15.114
11.280,1963.1,-15.094
11.300,1967.1,-15.073
11.320,1971.1,-15.05
11.340,1975.0,-15.027
11.360,1979.0,-15.004
11.380,1982.9,-14.983
11.400,1986.8,-14.961
11.420,1990.8,-14.94
11.440,1994.7,-14.919
11.460,1998.6,-14.898
11.480,2002.5,-14.878
11.500,2006.4,-14.858
11.520,2010.3,-14.839
11.540,2014.2,-14.82
11.560,2018.1,-14.802
11.580,2022.0,-14.783
11.600,2025.8,-14.765
11.620,2029.7,-14.747
11.640,2033.6,-14.729
11.660,2037.4,-14.712
11.680,2041.3,-14.695
11.700,2045.1,-14.677
11.720,2048.9,-14.66
11.740,2052.8,-14.642
11.760,2056.6,-14.624
11.780,2060.4,-14.605
11.800,2064.2,-14.587
11.820,2068.0,-14.567
11.840,2071.9,-14.548
11.860,2075.6,-14.529
11.880,2079.4,-14.511
11.900,2083.2,-14.494
11.920,2087.0,-14.477
11.940,2090.8,-14.46
11.960,2094.5,-14.444
11.980,2098.3,-14.428
12.000,2102.1,-14.412
12.020,2105.8,-14.397
12.040,2109.6,-14.383
12.060,2113.3,-14.368
12.080,2117.0,-14.354
12.100,2120.8,-14.339
12.120,2124.5,-14.322
12.140,2128.2,-14.305
12.160,2131.9,-14.287
12.180,2135.6,-14.27
12.200,2139.3,-14.254
12.220,2143.0,-14.237
12.240,2146.7,-14.219
12.260,2150.4,-14.201
12.280,2154.1,-14.184
12.300,2157.7,-14.166
12.320,2161.4,-14.148
12.340,2165.1,-14.129
12.360,2168.7,-14.111
12.380,2172.4,-14.093
12.400,2176.0,-14.076
12.420,2179.6,-14.06
12.440,2183.3,-14.044
12.460,2186.9,-14.028
12.480,2190.5,-14.013
12.500,2194.1,-13.997
12.520,2197.7,-13.982
12.540,2201.3,-13.966
12.560,2204.9,-13.951
12.580,2208.5,-13.935
12.600,2212.1,-13.92
12.620,2215.7,-13.905
12.640,2219.3,-13.89
12.660,2222.8,-13.875
12.680,2226.4,-13.859
12.700,2230.0,-13.844
12.720,2233.5,-13.829
12.740,2237.1,-13.814
12.760,2240.6,-13.799
12.780,2244.1,-13.784
12.800,2247.7,-13.769
12.820,2251.2,-13.754
12.840,2254.7,-13.739
12.860,2258.2,-13.724
12.880,2261.7,-13.71
12.900,2265.3,-13.695
12.920,2268.7,-13.681
12.940,2272.2,-13.668
12.960,2275.7,-13.654
12.980,2279.2,-13.64
13.000,2282.7,-13.626
13.020,2286.2,-13.612
13.040,2289.6,-13.599
13.060,2293.1,-13.586
13.080,2296.5,-13.57
13.100,2300.0,-13.555
13.120,2303.4,-13.54
13.140,2306.9,-13.527
13.160,2310.3,-13.514
13.180,2313.7,-13.501
13.200,2317.2,-13.488
13.220,2320.6,-13.475
13.240,2324.0,-13.464
13.260,2327.4,-13.453
13.280,2330.8,-13.437
13.300,2334.2,-13.422
13.320,2337.6,-13.407
13.340,2341.0,-13.392
13.360,2344.3,-13.377
13.380,2347.7,-13.363
13.400,2351.1,-13.35
13.420,2354.4,-13.336
13.440,2357.8,-13.322
13.460,2361.2,-13.309
13.480,2364.5,-13.295
13.500,2367.8,-13.282
13.520,2371.2,-13.268
13.540,2374.5,-13.255
13.560,2377.8,-13.243
13.580,2381.2,-13.229
13.600,2384.5,-13.216
13.620,2387.8,-13.203
13.640,2391.1,-13.19
13.660,2394.4,-13.177
13.680,2397.7,-13.164
13.700,2401.0,-13.151
13.720,2404.2,-13.138
13.740,2407.5,-13.126
13.760,2410.8,-13.113
13.780,2414.1,-13.101
13.800,2417.3,-13.088
13.820,2420.6,-13.076
13.840,2423.8,-13.064
13.860,2427.1,-13.051
13.880,2430.3,-13.039
13.900,2433.6,-13.027
13.920,2436.8,-13.014
13.940,2440.0,-13.002
13.960,2443.2,-12.99
13.980,2446.5,-12.978
14.000,2449.7,-12.966
14.020,2452.9,-12.954
14.040,2456.1,-12.943
14.060,2459.3,-12.931
14.080,2462.5,-12.92
14.100,2465.6,-12.909
14.120,2468.8,-12.898
14.140,2472.0,-12.887
14.160,2475.2,-12.877
14.180,2478.3,-12.866
14.200,2481.5,-12.855
14.220,2484.6,-12.844
14.240,2487.8,-12.833
14.260,2490.9,-12.822
14.280,2494.1,-12.81
14.300,2497.2,-12.799
14.320,2500.3,-12.788
14.340,2503.5,-12.777
14.360,2506.6,-12.767
14.380,2509.7,-12.756
14.400,2512.8,-12.746
14.420,2515.9,-12.733
14.440,2519.0,-12.719
14.460,2522.1,-12.705
14.480,2525.2,-12.694
14.500,2528.3,-12.682
14.520,2531.3,-12.67
14.540,2534.4,-12.658
14.560,2537.5,-12.646
14.580,2540.5,-12.634
14.600,2543.6,-12.623
14.620,2546.6,-12.612
14.640,2549.7,-12.601
14.660,2552.7,-12.59
14.680,2555.8,-12.58
14.700,2558.8,-12.569
14.720,2561.8,-12.559
14.740,2564.9,-12.549
14.760,2567.9,-12.538
14.780,2570.9,-12.528
14.800,2573.9,-12.517
14.820,2576.9,-12.507
14.840,2579.9,-12.497
14.860,2582.9,-12.486
14.880,2585.9,-12.476
14.900,2588.8,-12.465
14.920,2591.8,-12.455
14.940,2594.8,-12.444
14.960,2597.8,-12.434
14.980,2600.7,-12.424
15.000,2603.7,-12.414
15.020,2606.6,-12.404
15.040,2609.6,-12.394
15.060,2612.5,-12.385
15.080,2615.5,-12.375
15.100,2618.4,-12.365
15.120,2621.3,-12.355
15.140,2624.2,-12.345
15.160,2627.2,-12.335
15.180,2630.1,-12.326
15.200,2633.0,-12.316
15.220,2635.9,-12.306
15.240,2638.8,-12.297
15.260,2641.7,-12.288
15.280,2644.6,-12.278
15.300,2647.4,-12.268
15.320,2650.3,-12.258
15.340,2653.2,-12.249
15.360,2656.1,-12.24
15.380,2658.9,-12.23
15.400,2661.8,-12.221
15.420,2664.6,-12.212
15.440,2667.5,-12.203
15.460,2670.3,-12.194
15.480,2673.2,-12.185
15.500,2676.0,-12.175
15.520,2678.8,-12.166
15.540,2681.6,-12.157
15.560,2684.5,-12.149
15.580,2687.3,-12.139
15.600,2690.1,-12.129
15.620,2692.9,-12.119
15.640,2695.7,-12.11
15.660,2698.5,-12.1
15.680,2701.3,-12.09
15.700,2704.1,-12.081
15.720,2706.8,-12.071
15.740,2709.6,-12.062
15.760,2712.4,-12.053
15.780,2715.2,-12.044
15.800,2717.9,-12.035
15.820,2720.7,-12.026
15.840,2723.4,-12.017
15.860,2726.2,-12.009
15.880,2728.9,-12.0
15.900,2731.6,-11.991
15.920,2734.4,-11.983
15.940,2737.1,-11.974
15.960,2739.8,-11.965
15.980,2742.5,-11.956
16.000,2745.3,-11.948
16.020,2748.0,-11.94
16.040,2750.7,-11.932
16.060,2753.4,-11.925
16.080,2756.1,-11.917
16.100,2758.8,-11.91
16.120,2761.4,-11.902
16.140,2764.1,-11.894
16.160,2766.8,-11.886
16.180,2769.5,-11.877
16.200,2772.1,-11.868
16.220,2774.8,-11.859
16.240,2777.4,-11.85
16.260,2780.1,-11.842
16.280,2782.7,-11.833
16.300,2785.4,-11.825
16.320,2788.0,-11.816
16.340,2790.7,-11.807
16.360,2793.3,-11.799
16.380,2795.9,-11.79
16.400,2798.5,-11.782
16.420,2801.1,-11.774
16.440,2803.7,-11.766
16.460,2806.3,-11.758
16.480,2808.9,-11.75
16.500,2811.5,-11.741
16.520,2814.1,-11.733
16.540,2816.7,-11.726
16.560,2819.3,-11.718
16.580,2821.9,-11.71
16.600,2824.4,-11.702
16.620,2827.0,-11.694
16.640,2829.6,-11.686
16.660,2832.1,-11.679
16.680,2834.7,-11.671
16.700,2837.2,-11.663
16.720,2839.8,-11.655
16.740,2842.3,-11.647
16.760,2844.8,-11.64
16.780,2847.4,-11.632
16.800,2849.9,-11.625
16.820,2852.4,-11.618
16.840,2854.9,-11.611
16.860,2857.4,-11.603
16.880,2860.0,-11.596
16.900,2862.5,-11.588
16.920,2864.9,-11.58
16.940,2867.4,-11.573
16.960,2869.9,-11.565
16.980,2872.4,-11.558
17.000,2874.9,-11.551
17.020,2877.4,-11.544
17.040,2879.8,-11.538
17.060,2882.3,-11.532
17.080,2884.8,-11.525
17.100,2887.2,-11.518
17.120,2889.7,-11.511
17.140,2892.1,-11.504
17.160,2894.5,-11.498
17.180,2897.0,-11.491
17.200,2899.4,-11.483
17.220,2901.8,-11.477
17.240,2904.3,-11.47
17.260,2906.7,-11.464
17.280,2909.1,-11.456
17.300,2911.5,-11.448
17.320,2913.9,-11.441
17.340,2916.3,-11.436
17.360,2918.7,-11.431
17.380,2921.1,-11.424
17.400,2923.5,-11.417
17.420,2925.9,-11.41
17.440,2928.2,-11.403
17.460,2930.6,-11.395
17.480,2933.0,-11.388
17.500,2935.3,-11.38
17.520,2937.7,-11.373
17.540,2940.1,-11.368
17.560,2942.4,-11.362
17.580,2944.8,-11.354
17.600,2947.1,-11.346
17.620,2949.4,-11.339
17.640,2951.8,-11.332
17.660,2954.1,-11.325
17.680,2956.4,-11.32
17.700,2958.7,-11.314
17.720,2961.0,-11.307
17.740,2963.4,-11.299
17.760,2965.7,-11.291
17.780,2968.0,-11.284
17.800,2970.3,-11.277
17.820,2972.5,-11.271
17.840,2974.8,-11.264
17.860,2977.1,-11.257
17.880,2979.4,-11.25
17.900,2981.7,-11.244
17.920,2983.9,-11.237
17.940,2986.2,-11.231
17.960,2988.5,-11.225
17.980,2990.7,-11.219
18.000,2993.0,-11.212
18.020,2995.2,-11.206
18.040,2997.4,-11.2
18.060,2999.7,-11.194
18.080,3001.9,-11.188
18.100,3004.1,-11.181
18.120,3006.4,-11.175
18.140,3008.6,-11.169
18.160,3010.8,-11.163
18.180,3013.0,-11.157
18.200,3015.2,-11.151
18.220,3017.4,-11.145
18.240,3019.6,-11.139
18.260,3021.8,-11.133
18.280,3024.0,-11.127
18.300,3026.2,-11.121
18.320,3028.4,-11.115
18.340,3030.5,-11.109
18.360,3032.7,-11.103
18.380,3034.9,-11.097
18.400,3037.0,-11.091
18.420,3039.2,-11.085
18.440,3041.3,-11.079
18.460,3043.5,-11.074
18.480,3045.6,-11.069
18.500,3047.8,-11.063
18.520,3049.9,-11.058
18.540,3052.0,-11.053
18.560,3054.2,-11.047
18.580,3056.3,-11.042
18.600,3058.4,-11.037
18.620,3060.5,-11.032
18.640,3062.6,-11.028
18.660,3064.7,-11.024
18.680,3066.8,-11.02
18.700,3068.9,-11.015
18.720,3071.0,-11.01
18.740,3073.1,-11.005
18.760,3075.2,-11.0
18.780,3077.3,-10.996
18.800,3079.3,-10.992
18.820,3081.4,-10.987
18.840,3083.5,-10.983
18.860,3085.5,-10.979
18.880,3087.6,-10.973
18.900,3089.6,-10.966
18.920,3091.7,-10.961
18.940,3093.7,-10.956
18.960,3095.7,-10.951
18.980,3097.8,-10.946
19.000,3099.8,-10.942
19.020,3101.8,-10.937
19.040,3103.9,-10.932
19.060,3105.9,-10.927
19.080,3107.9,-10.924
19.100,3109.9,-10.921
19.120,3111.9,-10.916
19.140,3113.9,-10.909
19.160,3115.9,-10.901
19.180,3117.9,-10.895
19.200,3119.9,-10.888
19.220,3121.8,-10.882
19.240,3123.8,-10.877
19.260,3125.8,-10.872
19.280,3127.8,-10.868
19.300,3129.7,-10.863
19.320,3131.7,-10.859
19.340,3133.6,-10.853
19.360,3135.6,-10.848
19.380,3137.5,-10.842
19.400,3139.5,-10.835
19.420,3141.4,-10.829
19.440,3143.3,-10.823
19.460,3145.3,-10.817
19.480,3147.2,-10.811
19.500,3149.1,-10.805
19.520,3151.0,-10.799
19.540,3152.9,-10.792
19.560,3154.9,-10.786
19.580,3156.8,-10.78
19.600,3158.7,-10.775
19.620,3160.5,-10.77
19.640,3162.4,-10.765
19.660,3164.3,-10.76
19.680,3166.2,-10.756
19.700,3168.1,-10.751
19.720,3170.0,-10.747
19.740,3171.8,-10.743
19.760,3173.7,-10.739
19.780,3175.5,-10.735
19.800,3177.4,-10.731
19.820,3179.3,-10.728
19.840,3181.1,-10.724
19.860,3182.9,-10.721
19.880,3184.8,-10.717
19.900,3186.6,-10.713
19.920,3188.4,-10.708
19.940,3190.3,-10.703
19.960,3192.1,-10.697
19.980,3193.9,-10.693
20.000,3195.7,-10.689
20.020,3197.5,-10.685
20.040,3199.3,-10.679
20.060,3201.1,-10.674
20.080,3202.9,-10.669
20.100,3204.7,-10.664
20.120,3206.5,-10.659
20.140,3208.3,-10.654
20.160,3210.1,-10.649
20.180,3211.8,-10.645
20.200,3213.6,-10.64
20.220,3215.4,-10.635
20.240,3217.1,-10.63
20.260,3218.9,-10.625
20.280,3220.7,-10.621
20.300,3222.4,-10.616
20.320,3224.1,-10.612
20.340,3225.9,-10.608
20.360,3227.6,-10.603
20.380,3229.4,-10.599
20.400,3231.1,-10.595
20.420,3232.8,-10.591
20.440,3234.5,-10.587
20.460,3236.2,-10.583
20.480,3237.9,-10.579
20.500,3239.7,-10.575
20.520,3241.4,-10.571
20.540,3243.1,-10.567
20.560,3244.7,-10.563
20.580,3246.4,-10.56
20.600,3248.1,-10.556
20.620,3249.8,-10.553
20.640,3251.5,-10.549
20.660,3253.2,-10.545
20.680,3254.8,-10.542
20.700,3256.5,-10.539
20.720,3258.1,-10.536
20.740,3259.8,-10.532
20.760,3261.5,-10.529
20.780,3263.1,-10.526
20.800,3264.7,-10.524
20.820,3266.4,-10.521
20.840,3268.0,-10.516
20.860,3269.6,-10.512
20.880,3271.3,-10.509
20.900,3272.9,-10.506
20.920,3274.5,-10.502
20.940,3276.1,-10.498
20.960,3277.7,-10.494
20.980,3279.3,-10.492
21.000,3280.9,-10.49
21.020,3282.5,-10.486
21.040,3284.1,-10.482
21.060,3285.7,-10.478
21.080,3287.3,-10.474
21.100,3288.9,-10.469
21.120,3290.5,-10.465
21.140,3292.0,-10.46
21.160,3293.6,-10.455
21.180,3295.2,-10.451
21.200,3296.7,-10.447
21.220,3298.3,-10.442
21.240,3299.8,-10.437
21.260,3301.4,-10.433
21.280,3302.9,-10.429
21.300,3304.5,-10.425
21.320,3306.0,-10.422
21.340,3307.5,-10.42
21.360,3309.0,-10.418
21.380,3310.6,-10.414
21.400,3312.1,-10.411
21.420,3313.6,-10.407
21.440,3315.1,-10.403
21.460,3316.6,-10.398
21.480,3318.1,-10.394
21.500,3319.6,-10.391
21.520,3321.1,-10.387
21.540,3322.6,-10.383
21.560,3324.1,-10.379
21.580,3325.6,-10.376
21.600,3327.0,-10.372
21.620,3328.5,-10.368
21.640,3330.0,-10.365
21.660,3331.4,-10.361
21.680,3332.9,-10.358
21.700,3334.4,-10.355
21.720,3335.8,-10.352
21.740,3337.2,-10.349
21.760,3338.7,-10.346
21.780,3340.1,-10.341
21.800,3341.6,-10.337
21.820,3343.0,-10.333
21.840,3344.4,-10.329
21.860,3345.8,-10.325
21.880,3347.3,-10.322
21.900,3348.7,-10.319
21.920,3350.1,-10.316
21.940,3351.5,-10.313
21.960,3352.9,-10.309
21.980,3354.3,-10.306
22.000,3355.7,-10.303
22.020,3357.1,-10.299
22.040,3358.5,-10.296
22.060,3359.8,-10.292
22.080,3361.2,-10.289
22.100,3362.6,-10.286
22.120,3364.0,-10.282
22.140,3365.3,-10.279
22.160,3366.7,-10.276
22.180,3368.0,-10.274
22.200,3369.4,-10.271
22.220,3370.7,-10.268
22.240,3372.1,-10.266
22.260,3373.4,-10.263
22.280,3374.8,-10.26
22.300,3376.1,-10.257
22.320,3377.4,-10.255
22.340,3378.7,-10.253
22.360,3380.1,-10.251
22.380,3381.4,-10.248
22.400,3382.7,-10.246
22.420,3384.0,-10.243
22.440,3385.3,-10.241
22.460,3386.6,-10.24
22.480,3387.9,-10.237
22.500,3389.2,-10.234
22.520,3390.5,-10.231
22.540,3391.7,-10.229
22.560,3393.0,-10.226
22.580,3394.3,-10.222
22.600,3395.6,-10.219
22.620,3396.8,-10.215
22.640,3398.1,-10.212
22.660,3399.4,-10.208
22.680,3400.6,-10.205
22.700,3401.9,-10.201
22.720,3403.1,-10.198
22.740,3404.3,-10.195
22.760,3405.6,-10.192
22.780,3406.8,-10.188
22.800,3408.0,-10.185
22.820,3409.3,-10.181
22.840,3410.5,-10.178
22.860,3411.7,-10.176
22.880,3412.9,-10.173
22.900,3414.1,-10.17
22.920,3415.3,-10.168
22.940,3416.5,-10.165
22.960,3417.7,-10.163
22.980,3418.9,-10.16
23.000,3420.1,-10.158
23.020,3421.3,-10.156
23.040,3422.5,-10.154
23.060,3423.7,-10.152
23.080,3424.8,-10.149
23.100,3426.0,-10.147
23.120,3427.2,-10.144
23.140,3428.3,-10.141
23.160,3429.5,-10.139
23.180,3430.6,-10.136
23.200,3431.8,-10.133
23.220,3432.9,-10.131
23.240,3434.1,-10.129
23.260,3435.2,-10.127
23.280,3436.3,-10.125
23.300,3437.5,-10.124
23.320,3438.6,-10.122
23.340,3439.7,-10.12
23.360,3440.8,-10.118
23.380,3441.9,-10.118
23.400,3443.0,-10.117
23.420,3444.1,-10.116
23.440,3445.2,-10.114
23.460,3446.3,-10.112
23.480,3447.4,-10.11
23.500,3448.5,-10.108
23.520,3449.6,-10.106
23.540,3450.7,-10.105
23.560,3451.7,-10.103
23.580,3452.8,-10.1
23.600,3453.9,-10.096
23.620,3454.9,-10.094
23.640,3456.0,-10.092
23.660,3457.1,-10.091
23.680,3458.1,-10.089
23.700,3459.2,-10.086
23.720,3460.2,-10.083
23.740,3461.2,-10.08
23.760,3462.3,-10.077
23.780,3463.3,-10.076
23.800,3464.3,-10.076
23.820,3465.4,-10.075
23.840,3466.4,-10.075
23.860,3467.4,-10.074
23.880,3468.4,-10.074
23.900,3469.4,-10.073
23.920,3470.4,-10.071
23.940,3471.4,-10.068
23.960,3472.4,-10.065
23.980,3473.4,-10.064
24.000,3474.4,-10.062
24.020,3475.4,-10.062
24.040,3476.3,-10.061
24.060,3477.3,-10.061
24.080,3478.3,-10.059
24.100,3479.2,-10.058
24.120,3480.2,-10.056
24.140,3481.2,-10.055
24.160,3482.1,-10.053
24.180,3483.1,-10.052
24.200,3484.0,-10.05
24.220,3485.0,-10.048
24.240,3485.9,-10.047
24.260,3486.8,-10.046
24.280,3487.8,-10.045
24.300,3488.7,-10.044
24.320,3489.6,-10.042
24.340,3490.5,-10.039
24.360,3491.4,-10.036
24.380,3492.4,-10.033
24.400,3493.3,-10.03
24.420,3494.2,-10.026
24.440,3495.1,-10.021
24.460,3496.0,-10.017
24.480,3496.8,-10.015
24.500,3497.7,-10.014
24.520,3498.6,-10.013
24.540,3499.5,-10.011
24.560,3500.4,-10.009
24.580,3501.2,-10.005
24.600,3502.1,-10.001
24.620,3503.0,-9.9985
24.640,3503.8,-9.9972
24.660,3504.7,-9.9958
24.680,3505.5,-9.9919
24.700,3506.4,-9.988
24.720,3507.2,-9.9854
24.740,3508.0,-9.9843
24.760,3508.9,-9.9832
24.780,3509.7,-9.9804
24.800,3510.5,-9.9774
24.820,3511.4,-9.9745
24.840,3512.2,-9.9718
24.860,3513.0,-9.9691
24.880,3513.8,-9.9666
24.900,3514.6,-9.9643
24.920,3515.4,-9.9621
24.940,3516.2,-9.96
24.960,3517.0,-9.958
24.980,3517.8,-9.9556
25.000,3518.6,-9.9534
25.020,3519.4,-9.9515
25.040,3520.1,-9.9499
25.060,3520.9,-9.9482
25.080,3521.7,-9.9467
25.100,3522.5,-9.9452
25.120,3523.2,-9.9435
25.140,3524.0,-9.9417
25.160,3524.7,-9.94
25.180,3525.5,-9.9385
25.200,3526.2,-9.937
25.220,3527.0,-9.9357
25.240,3527.7,-9.9344
25.260,3528.4,-9.9331
25.280,3529.2,-9.9315
25.300,3529.9,-9.93
25.320,3530.6,-9.9285
25.340,3531.3,-9.9271
25.360,3532.0,-9.9258
25.380,3532.8,-9.9246
25.400,3533.5,-9.9234
25.420,3534.2,-9.9223
25.440,3534.9,-9.921
25.460,3535.6,-9.9197
25.480,3536.3,-9.9184
25.500,3536.9,-9.9171
25.520,3537.6,-9.9159
25.540,3538.3,-9.9146
25.560,3539.0,-9.9133
25.580,3539.6,-9.9119
25.600,3540.3,-9.9104
25.620,3541.0,-9.9089
25.640,3541.6,-9.9073
25.660,3542.3,-9.9057
25.680,3542.9,-9.9043
25.700,3543.6,-9.9029
25.720,3544.2,-9.9017
25.740,3544.9,-9.9008
25.760,3545.5,-9.8999
25.780,3546.1,-9.8985
25.800,3546.8,-9.897
25.820,3547.4,-9.8957
25.840,3548.0,-9.8948
25.860,3548.6,-9.8938
25.880,3549.2,-9.8934
25.900,3549.8,-9.8931
25.920,3550.4,-9.8926
25.940,3551.0,-9.8916
25.960,3551.6,-9.8907
25.980,3552.2,-9.8898
26.000,3552.8,-9.8889
26.020,3553.4,-9.8878
26.040,3554.0,-9.8864
26.060,3554.6,-9.8849
26.080,3555.1,-9.8834
26.100,3555.7,-9.8819
26.120,3556.3,-9.8805
26.140,3556.8,-9.8794
26.160,3557.4,-9.8782
26.180,3557.9,-9.8771
26.200,3558.5,-9.876
26.220,3559.0,-9.8748
26.240,3559.6,-9.8734
26.260,3560.1,-9.872
26.280,3560.6,-9.8707
26.300,3561.2,-9.8694
26.320,3561.7,-9.868
26.340,3562.2,-9.8664
26.360,3562.7,-9.8649
26.380,3563.2,-9.8634
26.400,3563.7,-9.862
26.420,3564.3,-9.8607
26.440,3564.8,-9.8596
26.460,3565.2,-9.8585
26.480,3565.7,-9.8572
26.500,3566.2,-9.8559
26.520,3566.7,-9.8547
26.540,3567.2,-9.8535
26.560,3567.7,-9.8524
26.580,3568.1,-9.8513
26.600,3568.6,-9.8503
26.620,3569.1,-9.8493
26.640,3569.5,-9.8484
26.660,3570.0,-9.8474
26.680,3570.5,-9.8464
26.700,3570.9,-9.8455
26.720,3571.4,-9.8444
26.740,3571.8,-9.8434
26.760,3572.2,-9.8424
26.780,3572.7,-9.8415
26.800,3573.1,-9.8407
26.820,3573.5,-9.8399
26.840,3573.9,-9.8389
26.860,3574.4,-9.838
26.880,3574.8,-9.837
26.900,3575.2,-9.8359
26.920,3575.6,-9.8349
26.940,3576.0,-9.8339
26.960,3576.4,-9.8329
26.980,3576.8,-9.8319
27.000,3577.2,-9.831
27.020,3577.6,-9.8301
27.040,3577.9,-9.8292
27.060,3578.3,-9.8283
27.080,3578.7,-9.8274
27.100,3579.1,-9.8264
27.120,3579.4,-9.8255
27.140,3579.8,-9.8246
27.160,3580.2,-9.8237
27.180,3580.5,-9.8229
27.200,3580.9,-9.8221
27.220,3581.2,-9.8214
27.240,3581.6,-9.8206
27.260,3581.9,-9.8198
27.280,3582.2,-9.819
27.300,3582.6,-9.8183
27.320,3582.9,-9.8175
27.340,3583.2,-9.8168
27.360,3583.5,-9.8161
27.380,3583.9,-9.8153
27.400,3584.2,-9.8146
27.420,3584.5,-9.8139
27.440,3584.8,-9.8132
27.460,3585.1,-9.8124
27.480,3585.4,-9.8118
27.500,3585.7,-9.8111
27.520,3586.0,-9.8104
27.540,3586.2,-9.8098
27.560,3586.5,-9.8092
27.580,3586.8,-9.8085
27.600,3587.1,-9.8079
27.620,3587.3,-9.8073
27.640,3587.6,-9.8068
27.660,3587.9,-9.8063
27.680,3588.1,-9.8057
27.700,3588.4,-9.8051
27.720,3588.6,-9.8045
27.740,3588.9,-9.804
27.760,3589.1,-9.8035
27.780,3589.3,-9.803
27.800,3589.6,-9.8026
27.820,3589.8,-9.8021
27.840,3590.0,-9.8015
27.860,3590.3,-9.801
27.880,3590.5,-9.8004
27.900,3590.7,-9.7998
27.920,3590.9,-9.7993
27.940,3591.1,-9.7988
27.960,3591.3,-9.7983
27.980,3591.5,-9.7978
28.000,3591.7,-9.7974
28.020,3591.9,-9.7969
28.040,3592.1,-9.7964
28.060,3592.3,-9.7959
28.080,3592.4,-9.7955
28.100,3592.6,-9.7951
28.120,3592.8,-9.7947
28.140,3592.9,-9.7941
28.160,3593.1,-9.7935
28.180,3593.3,-9.7932
28.200,3593.4,-9.793
28.220,3593.6,-9.7927
28.240,3593.7,-9.7924
28.260,3593.9,-9.7922
28.280,3594.0,-9.7919
28.300,3594.1,-9.7916
28.320,3594.3,-9.7913
28.340,3594.4,-9.7911
28.360,3594.5,-9.7909
28.380,3594.6,-9.7906
28.400,3594.8,-9.7903
28.420,3594.9,-9.7899
28.440,3595.0,-9.7896
28.460,3595.1,-9.7893
28.480,3595.2,-9.789
28.500,3595.3,-9.7886
28.520,3595.4,-9.7884
28.540,3595.5,-9.7884
28.560,3595.5,-9.7883
28.580,3595.6,-9.7878
28.600,3595.7,-9.7871
28.620,3595.8,-9.7863
28.640,3595.8,-9.7858
28.660,3595.9,-9.7853
28.680,3596.0,-9.785
28.700,3596.0,-9.7847
28.720,3596.1,-9.7842
28.740,3596.1,-9.7833
28.760,3596.2,-9.7825
28.780,3596.2,-9.7828
28.800,3596.3,-9.7831
28.820,3596.3,-9.7832
28.840,3596.3,-9.7829
28.860,3596.3,-9.786
28.880,3596.4,-9.7859
28.900,3596.4,-9.7858
28.920,3596.4,-9.7857
28.940,3596.4,-9.7857
28.960,3596.4,-9.7856
28.980,3596.4,-9.7855
29.000,3596.4,-9.7854
29.020,3596.4,-9.7853
29.040,3596.4,-9.7852
29.060,3596.4,-9.7734
29.080,3596.3,-9.7599
29.100,3596.2,-9.7456
29.120,3596.1,-9.7277
29.140,3595.9,-9.7064
29.160,3595.8,-9.6787
29.180,3595.6,-9.6435
29.200,3595.3,-9.6051
29.220,3595.1,-9.5634
29.240,3594.8,-9.5187
29.260,3594.5,-9.4749
29.280,3594.2,-9.4223
29.300,3593.8,-9.3667
29.320,3593.4,-9.3042
29.340,3593.0,-9.2336
29.360,3592.5,-9.1563
29.380,3592.0,-9.0738
29.400,3591.5,-8.9864
29.420,3591.0,-8.9012
29.440,3590.4,-8.806
29.460,3589.8,-8.7131
29.480,3589.1,-8.6107
29.500,3588.4,-8.4967
29.520,3587.7,-8.3831
29.540,3586.9,-8.2736
29.560,3586.1,-8.1556
29.580,3585.2,-8.0326
29.600,3584.3,-7.9026
29.620,3583.4,-7.7636
29.640,3582.4,-7.6197
29.660,3581.3,-7.475
29.680,3580.2,-7.3265
29.700,3579.0,-7.1748
29.720,3577.8,-7.018
29.740,3576.5,-6.8543
29.760,3575.1,-6.6842
29.780,3573.7,-6.5143
29.800,3572.2,-6.3362
29.820,3570.5,-6.1555
29.840,3568.8,-5.9666
29.860,3567.0,-5.7711
29.880,3565.1,-5.563
29.900,3563.1,-5.3655
29.920,3560.9,-5.1507
29.940,3558.6,-4.928
29.960,3556.2,-4.7225
29.980,3553.5,-4.5022
30.000,3550.7,-4.2785
30.020,3547.7,-4.0291
30.040,3544.4,-3.8027
30.060,3540.8,-3.5611
30.080,3536.9,-3.3279
30.100,3532.5,-3.0737
30.120,3527.7,-2.8211
30.140,3522.4,-2.5565
30.160,3516.2,-2.3013
30.180,3509.2,-2.0264
30.200,3500.9,-1.7438
30.220,3490.8,-1.4624
30.240,3477.9,-1.1724
30.260,3462.6,-0.87244
30.280,3447.0,-0.6004
30.300,3431.3,-0.40324
30.320,3415.6,-0.2629
30.340,3399.8,-0.17102
30.360,3383.9,-0.10345
30.380,3368.1,-0.050016
30.400,3352.2,-0.020154
30.420,3336.3,0.0012228
30.440,3320.4,0.016735
30.460,3304.6,0.027872
30.480,3288.7,0.038562
30.500,3272.9,0.042078
30.520,3257.0,0.043559
30.540,3241.2,0.046175
30.560,3225.4,0.048475
30.580,3209.6,0.050163
30.600,3193.8,0.051564
30.620,3178.0,0.054
30.640,3162.3,0.053765
30.660,3146.5,0.055279
30.680,3130.8,0.047866
30.700,3115.0,0.05022
30.720,3099.3,0.055813
30.740,3083.6,0.050752
30.760,3067.9,0.047999
30.780,3052.3,0.048907
30.800,3036.6,0.049169
30.820,3021.0,0.050257
30.840,3005.3,0.049689
30.860,2989.7,0.05861
30.880,2974.1,0.049886
30.900,2958.5,0.050156
30.920,2942.9,0.053422
30.940,2927.3,0.052178
30.960,2911.8,0.051063
30.980,2896.2,0.052846
31.000,2880.7,0.050778
31.020,2865.2,0.052068
31.040,2849.7,0.049499
31.060,2834.2,0.05073
31.080,2818.7,0.051436
31.100,2803.2,0.052145
31.120,2787.8,0.052184
31.140,2772.3,0.048517
31.160,2756.9,0.049482
31.180,2741.5,0.049056
31.200,2726.1,0.050492
31.220,2710.7,0.049054
31.240,2695.3,0.048946
31.260,2679.9,0.048825
31.280,2664.6,0.048519
31.300,2649.2,0.048928
31.320,2633.9,0.048513
31.340,2618.6,0.049143
31.360,2603.3,0.047754
31.380,2588.0,0.04871
31.400,2572.7,0.048049
31.420,2557.4,0.048064
31.440,2542.2,0.047967
31.460,2526.9,0.048033
31.480,2511.7,0.050904
31.500,2496.4,0.049651
31.520,2481.2,0.046721
31.540,2466.0,0.048067
31.560,2450.8,0.048603
31.580,2435.7,0.049112
31.600,2420.5,0.05054
31.620,2405.4,0.046592
31.640,2390.2,0.04707
31.660,2375.1,0.047462
31.680,2360.0,0.052089
31.700,2344.9,0.048152
31.720,2329.8,0.046342
31.740,2314.7,0.046496
31.760,2299.6,0.046661
31.780,2284.6,0.046902
31.800,2269.5,0.047247
31.820,2254.5,0.047274
31.840,2239.5,0.047974
31.860,2224.5,0.045809
31.880,2209.5,0.054893
31.900,2194.5,0.043148
31.920,2179.5,0.044876
31.940,2164.6,0.044243
31.960,2149.6,0.044988
31.980,2134.7,0.04561
32.000,2119.8,0.044933
32.020,2104.8,0.045411
32.040,2089.9,0.044531
32.060,2075.0,0.044732
32.080,2060.2,0.045427
32.100,2045.3,0.043835
32.120,2030.4,0.044282
32.140,2015.6,0.057398
32.160,2000.8,0.047883
32.180,1985.9,0.039968
32.200,1971.1,0.043314
32.220,1956.3,0.046861
32.240,1941.5,0.042541
32.260,1926.7,0.043715
32.280,1912.0,0.047947
32.300,1897.2,0.043857
32.320,1882.5,0.043975
32.340,1867.7,0.045881
32.360,1853.0,0.051447
32.380,1838.3,0.041777
32.400,1823.6,0.042864
32.420,1808.9,0.044372
32.440,1794.2,0.044098
32.460,1779.6,0.0473
32.480,1764.9,0.052651
32.500,1750.3,0.040822
32.520,1735.6,0.040335
32.540,1721.0,0.045347
32.560,1706.4,0.047595
32.580,1691.8,0.040683
32.600,1677.2,0.040943
32.620,1662.6,0.040513
32.640,1648.1,0.040874
32.660,1633.5,0.041699
32.680,1619.0,0.043419
32.700,1604.4,0.041704
32.720,1589.9,0.043528
32.740,1575.4,0.043811
32.760,1560.9,0.040136
32.780,1546.4,0.043274
32.800,1531.9,0.039944
32.820,1517.4,0.040646
32.840,1503.0,0.041409
32.860,1488.5,0.051442
32.880,1474.1,0.043132
32.900,1459.7,0.039966
32.920,1445.2,0.043993
32.940,1430.8,0.043248
32.960,1416.4,0.04031
32.980,1402.0,0.041963
33.000,1387.7,0.042755
33.020,1373.3,0.041381
33.040,1358.9,0.041791
33.060,1344.6,0.041543
33.080,1330.3,0.041511
33.100,1315.9,0.04184
33.120,1301.6,0.044598
33.140,1287.3,0.042444
33.160,1273.0,0.04143
33.180,1258.7,0.040549
33.200,1244.5,0.041376
33.220,1230.2,0.040956
33.240,1216.0,0.040722
33.260,1201.7,0.041042
33.280,1187.5,0.045539
33.300,1173.3,0.038334
33.320,1159.1,0.041885
33.340,1144.9,0.044432
33.360,1130.7,0.0367
33.380,1116.5,0.039475
33.400,1102.3,0.046362
33.420,1088.2,0.03693
33.440,1074.0,0.039615
33.460,1059.9,0.035858
33.480,1045.7,0.037311
33.500,1031.6,0.037625
33.520,1017.5,0.039532
33.540,1003.4,0.04754
33.560,989.32,0.039202
33.580,975.24,0.054155
33.600,961.18,0.033854
33.620,947.12,0.034136
33.640,933.07,0.036405
33.660,919.03,0.037664
33.680,905.0,0.041053
33.700,890.98,0.038349
33.720,876.97,0.040213
33.740,862.97,0.038747
33.760,848.98,0.038976
33.780,834.99,0.039142
33.800,821.02,0.042306
33.820,807.06,0.038694
33.840,793.11,0.044356
33.860,779.17,0.036274
33.880,765.24,0.037148
33.900,751.32,0.037516
33.920,737.4,0.037867
33.940,723.5,0.038314
33.960,709.61,0.03804
33.980,695.72,0.038643
34.000,681.85,0.039126
34.020,667.98,0.037298
34.040,654.13,0.043524
34.060,640.29,0.045365
34.080,626.45,0.033003
34.100,612.63,0.035226
34.120,598.81,0.034753
34.140,585.0,0.0374
34.160,571.2,0.036809
34.180,557.42,0.035419
34.200,543.64,0.039926
34.220,529.87,0.034775
34.240,516.1,0.035799
34.260,502.35,0.038717
34.280,488.61,0.038486
34.300,474.88,0.036596
34.320,474.68,67.793
34.340,474.47,64.994
34.360,474.26,62.247
34.380,474.04,59.551
34.400,473.82,56.906
34.420,473.59,54.313
34.440,473.36,51.771
34.460,473.12,49.281
34.480,472.87,46.842
34.500,472.62,44.454
34.520,472.35,42.119
34.540,472.08,39.835
34.560,471.8,37.602
34.580,471.51,35.421
34.600,471.2,33.289
34.620,470.89,31.21
34.640,470.56,29.182
34.660,470.21,27.206
34.680,469.85,25.282
34.700,469.48,23.412
34.720,469.08,21.605
34.740,468.66,19.857
34.760,468.21,18.133
34.780,467.74,16.462
34.800,467.23,14.847
34.820,466.67,13.283
34.840,466.07,11.767
34.860,465.4,10.295
34.880,464.66,8.8975
34.900,463.82,7.5329
34.920,462.84,6.2215
34.940,461.66,4.9689
34.960,460.19,3.771
34.980,458.15,2.6199
35.000,454.92,1.5273
35.020,449.99,0.50675
35.040,445.12,-0.001691
35.060,440.25,0.001405
35.080,435.38,0.049701
35.100,430.52,-0.037267
35.120,425.65,0.024704
35.140,420.79,-0.014279
35.160,415.93,0.02877
35.180,411.07,-0.014689
35.200,406.21,-0.0028534
35.220,401.35,0.012234
35.240,396.49,-0.0012658
35.260,391.63,0.010518
35.280,386.78,0.026217
35.300,381.92,-0.021168
35.320,377.07,0.0032196
35.340,372.21,0.024029
35.360,367.37,-0.0031541
35.380,362.52,0.014813
35.400,357.67,-0.010138
35.420,352.82,-0.0029096
35.440,347.98,0.036264
35.460,343.13,-0.023477
35.480,338.29,0.046249
35.500,333.46,-0.032516
35.520,328.61,-0.0008947
35.540,323.77,0.016727
35.560,318.93,0.016298
35.580,314.1,0.025725
35.600,309.27,-0.037436
35.620,304.43,-0.0013384
35.640,299.6,0.0047764
35.660,295.09,0.061748
35.680,290.27,-0.0081248
35.700,285.44,-0.032274
35.720,280.61,0.0081797
35.740,275.78,-0.00062486
35.760,270.95,0.011249
35.780,266.12,0.0070095
35.800,261.3,0.0052115
35.820,256.47,-0.0029962
35.840,251.65,0.022673
35.860,247.05,0.036609
35.880,242.24,-0.018888
35.900,237.42,-0.025773
35.920,233.33,0.07424
35.940,228.52,-0.054127
35.960,223.7,0.0045714
35.980,218.89,0.039165
36.000,214.08,-0.005122
36.020,209.26,-0.0181
36.040,204.45,0.0062589
36.060,199.64,0.026634
36.080,194.83,-0.022211
36.100,190.02,0.007283
36.120,185.21,0.0055399
36.140,180.4,0.025986
36.160,175.6,-0.020364
36.180,170.79,0.0066059
36.200,165.99,0.0030356
36.220,161.18,0.011591
36.240,156.39,0.03409
36.260,151.59,-0.021019
36.280,146.79,0.0035923
36.300,141.99,0.0092583
36.320,137.2,-0.0015971
36.340,132.4,-0.0023468
36.360,128.13,0.06404
36.380,123.34,-0.037004
36.400,118.55,-0.0027267
36.420,113.76,0.025665
36.440,109.0,0.025815
36.460,104.31,0.0055137
36.480,99.527,-0.047923
36.500,94.738,0.0059072
36.520,89.951,0.013687
36.540,85.165,-0.00522
36.560,80.379,0.0049724
36.580,76.363,0.074157
36.600,71.587,-0.056114
36.620,66.804,0.0063265
36.640,62.027,0.038113
36.660,57.25,-0.027243
36.680,52.472,0.0064285
36.700,47.695,0.0099468
36.720,42.919,-0.0048076
36.740,38.143,0.002679
36.760,33.368,0.0047772
36.780,28.595,0.010746
36.800,23.823,0.0010743
36.820,19.052,0.0087204
36.840,14.285,0.021589
36.860,9.5201,-0.0092562
36.880,4.8153,0.045032
36.900,0.057964,-0.016297
36.920,-4.6986,0.022845
