Altitude(m),Pressure(mPa),Acc_X,Acc_Y,Acc_Z,Gyro_X,Gyro_Y,Gyro_Z
21.37923084193381,-9.041737005665864,-0.10171948743194997,0.0004580235854810923,0.1991073875584121,0.0,0.0,0.0
11.255639478169039,-121.8830615310897,7.070967650305579,-0.00011609296341689987,79.62675474819929,0.0,0.0,0.0
-24.753371222972103,10.124672364262578,7.002708359456599,0.00034822458328737966,82.17399655552076,0.0,0.0,0.0
29.81330297860135,-67.60306987076302,7.336468691698283,-0.0005920662724550318,84.13798492452322,0.0,0.0,0.0
7.308145690826917,-37.48920647016056,7.330105082403252,-0.0004402995051679502,85.03877835225113,0.0,0.0,0.0
-54.31194934677873,-56.32017102375438,7.849903183262499,-1.999217256668918e-05,84.3465933456821,0.0,0.07,0.0
-91.19151782707398,84.95621149675338,7.97286168252536,3.7220056034740866e-05,83.55399039380453,0.0,0.22,0.0
-70.29369768558931,72.20898300536277,8.572810399169875,-0.0002662637269831237,86.53418152477109,0.0,0.48,0.0
-34.87022459453562,-52.79616723537618,9.104143146308273,-6.786760904780747e-05,86.14841721295419,0.0,0.86,0.0
44.506334736089144,-2.7677916053625324,9.48914778320666,0.00016595457175589198,85.06357089940371,0.0,1.38,0.0
134.069454317178,-14.389008640425871,10.455833380065716,-0.0006986972129122353,85.44681836645377,0.0,2.04,0.0
19.36978297087552,44.49136206924301,11.872555901722372,0.0009394657187800762,85.27458642982033,0.0,2.84,0.0
49.43490757181827,-28.968366709374102,13.842312917023243,7.763588912738244e-06,85.14169125996887,0.0,3.74,0.0
10.148514767661062,-3.0523902596473533,15.245396162234263,-0.0002669098088800875,85.59323144510606,0.0,4.68,0.0
40.57997790201949,150.5428546745484,17.121802555230197,0.000526520007544314,87.64852221546175,0.0,3.78,0.0
70.52884358834793,71.88268429990868,18.739028201549807,-0.00046595297103150444,84.57682381863054,0.0,3.01,0.0
115.61291544671512,2.7672477603978365,20.112581138583487,-7.189044920080328e-05,84.07018578596548,0.0,2.46,0.0
133.18947701771685,146.83557747618892,21.258367232695385,-0.0001383667332367036,83.07397115374773,0.0,2.24,0.0
181.12091961336782,133.5443926261392,21.28387045605973,-0.00014732787972659674,82.07405424020287,0.0,2.39,0.0
91.05497663050453,121.26458572047599,20.07292892861989,-0.0003681516013068437,81.53976681874997,0.0,2.87,0.0
234.61768787641728,210.7268572267753,18.196395315618933,-0.00031551989563806317,79.98044747243681,0.0,3.54,0.0
112.71171989026762,165.8948493760651,16.542412273393193,-0.0006402577203787289,80.15701641690622,0.0,2.81,0.0
196.0489466556714,187.06136780335189,14.714065040074683,0.001238565155871359,82.05986647214026,0.0,2.24,0.0
123.02702175000854,196.3568810361941,13.128516922497859,1.6958754921731463e-05,78.1760188826517,0.0,2.04,0.0
174.23722976121223,262.5838177775433,12.967462391022792,-8.048928148018766e-05,77.37833282689665,0.0,2.33,0.0
274.46193395194405,294.6414978142813,14.082888135594455,0.0005825546353113889,76.10333795531061,0.0,3.05,0.0
246.03864003366232,274.6443343268107,16.208110831436052,-0.0005832467154704169,74.77728387476594,0.0,2.19,0.0
205.02508208096975,324.9411583110074,17.756113566255937,-0.00021103290567949307,72.34991276120181,0.0,1.57,0.0
347.9581457453775,355.38932514281714,18.62161250136658,-0.00013483919202450541,69.47219964106782,0.0,1.49,0.0
328.5776760871922,433.2011104645835,17.03545301160123,-0.00022407803933446202,66.7572032268701,0.0,1.97,0.0
302.77549481218773,515.3757129980754,14.515808095661484,-0.000892601741893841,63.81279812240726,0.0,2.67,0.0
522.0239226419269,431.8341152582724,10.785215761363506,0.0009409867598280173,58.46193181891644,0.0,2.19,0.0
366.64143447873437,462.9073899796228,8.980734544494558,0.0007561090816785971,45.28634955810912,0.0,2.3,0.0
451.2054262783218,383.83981954767364,8.16288728066537,-0.00042844680951981313,38.53415683924567,0.0,2.96,0.0
520.176166565073,535.2945478894412,7.9502762078564,-0.0003545468755438425,28.885278694356554,0.0,2.25,0.0
330.5662270592103,416.9896220841197,7.664408942353772,0.0003090383909588405,20.63229753422913,0.0,2.05,0.0
500.903965855602,581.4793657975972,5.2712921456647255,-9.744785017796112e-05,9.780602483521745,0.0,2.52,0.0
593.3888662558046,587.121776171194,2.7513097362105725,0.0005261975732620438,7.356189801982865,0.0,1.8,0.0
544.8190639737026,567.9347400539674,0.9062785932354652,0.00013562670225920022,4.263372076749317,0.0,1.49,0.0
587.4401610021336,532.1176466609442,0.32314579953492173,-0.0004970077374995679,-3.374548517709057,0.0,1.83,0.0
623.9033982120274,680.9464737068806,0.9431819022032997,-0.0002661584319942419,-3.3827482703977267,0.0,2.5,0.01
577.6172606875646,739.0468305505051,0.9360295359391706,2.8181601974328376e-05,-9.69063906541492,0.0,2.07,0.01
656.5429881093701,649.9185860828072,-0.1928131130849964,0.0011852426662263419,-13.229131901600903,0.0,2.14,0.01
817.5294832201865,700.1676773981811,1.5704656187304924,-6.269354159843395e-05,-16.55722220488078,0.0,2.59,0.01
732.9813539077389,676.6253782832038,2.4197799273224656,-0.0008833884472715307,-18.533636515178557,0.0,2.19,0.01
695.97312491948,669.1904435264574,2.6583893492091732,0.0003838013326855666,-18.552960377197834,0.0,2.17,0.01
720.0979130232022,734.4643356619785,2.1447268506153625,0.0008546098497010134,-16.83700560430211,0.0,2.57,0.01
814.9159530514582,811.5589470358843,1.2376689978421482,0.0003562049893271845,-18.265231070129943,0.0,2.07,0.01
783.7898958791889,876.8152878022954,0.6448837681715343,-7.876907785677406e-05,-17.28229537266029,0.0,1.78,0.01
850.6011131622187,869.8821823864967,0.8574159809404013,-0.0004207770191575338,-17.144796768946257,0.0,1.79,0.01
850.4755936038629,976.8493894359189,0.7988365302542133,-0.0008535397901030582,-18.8383803819519,0.0,2.08,0.01
846.3561312211475,902.2474069016939,1.8126277297471685,0.0009250708404459325,-16.24000257311624,0.0,1.76,0.01
908.2423329545676,975.5836646027379,1.8260679748787245,0.0002407174395353047,-16.815218690664647,0.0,1.69,0.01
996.6548881154717,1005.6352227070233,1.6658600265122765,-0.0003945864496034221,-16.762516174099886,0.0,1.9,0.01
981.5207122951111,995.3407520800255,1.76390233211353,-0.0008561818578657648,-17.022042414240833,0.0,2.34,0.01
962.2038221533041,876.7696022766893,1.2663120692690135,0.0007881280124201203,-15.488787305911456,0.0,1.88,0.01
965.3475751178752,1049.97518352704,0.23018884223531993,-0.0010642608854146412,-16.02123777448525,0.0,1.64,0.01
1070.0833865916052,996.4261453040548,0.7936288049251237,0.00026529386504327756,-18.239196793650578,0.0,1.76,0.01
1149.4169702980992,1109.3243970215044,0.8060270345759535,-0.0003685379842873053,-14.938104685117597,0.0,2.18,0.01
1106.9233434713622,1138.1858677145285,1.615871740099785,-0.00017073120144708363,-15.390418924831813,0.0,1.74,0.01
1203.4319639908013,1190.9079662576642,2.204957482408636,-0.00038889779495557915,-13.003158208647598,0.0,1.6,0.01
1131.2850848863807,1062.328254554019,1.989360892984923,0.0006619955007981423,-15.77124742953388,0.0,1.91,0.01
1240.4145672981685,1162.7988284911437,1.615882216747052,0.0003385131554763556,-16.034796750574614,0.0,2.55,0.01
1244.0025609388047,1166.120653982701,0.467839248269383,-0.00013408591168382486,-15.607276859566664,0.0,1.96,0.01
1212.7376110451194,1178.2236753844963,0.21343790954860492,0.0005356167466463134,-15.099118913598142,0.0,1.73,0.01
1355.5616903064883,1217.4618403314337,0.4294373910604517,0.00019215408730446625,-16.635764211790168,0.0,1.96,0.01
1224.4971274457491,1265.0877151476654,0.8384263370318197,-0.0002697693654009473,-13.372731281065859,0.0,2.5,0.01
1278.1137880599827,1263.8286843083122,1.4958235218312175,-0.0002413851368992544,-14.853499189654022,0.0,1.94,0.01
1268.357930776668,1316.8090082064598,2.245375453329004,0.00020491652281393085,-13.988993468744868,0.0,1.67,0.01
1334.0861648297946,1412.7285525400075,2.480620999538525,-0.0005450509913644232,-14.799472546057864,0.0,1.92,0.01
1358.2309158480673,1316.8543903558325,1.2643158108194554,0.00023735095030474396,-14.320711646755852,0.0,2.57,0.01
1393.7622948264745,1390.6697591074158,0.7980049340818529,-5.5173872961484494e-05,-14.91688972968644,0.0,1.88,0.01
1374.9963838223127,1354.318993849571,0.516293906045769,0.00019978631523898804,-12.827628551778364,0.0,1.46,0.01
1505.8431380041363,1438.9551726928044,-0.07244634808665645,0.00012745169247560168,-13.667089685157986,0.0,1.5,0.01
1476.5410897630436,1513.582123363358,0.39104890022834776,-0.0006994267641112019,-14.430769208213519,0.0,1.88,0.01
1534.268894772449,1478.1393839304694,0.6756457855164825,-0.0004104709350300707,-14.638948750049211,0.0,2.44,0.02
1462.6592596070868,1486.457088870291,1.5856016701215772,-0.00016591499529329824,-14.274388665347274,0.0,2.01,0.02
1532.8754246681694,1411.9787257328348,2.0243951830890334,-1.0348324039405422e-05,-15.638496123862964,0.0,1.98,0.02
1631.8119901257023,1622.775127275289,1.8458048017460233,-0.0003805816427290527,-15.200175823928198,0.0,2.38,0.02
1538.1361994600686,1560.5432845939283,1.2100275309164508,-0.0015744816661463644,-14.187854325339549,0.0,2.98,0.02
1564.890342742981,1560.0305569094753,0.6485571810390686,-0.0005097955587833584,-14.011848862446236,0.0,2.37,0.02
1518.3283727915093,1650.5837617634902,0.40338567260354713,-0.000839173928804823,-14.166834550094011,0.0,1.95,0.02
1556.4827992506168,1597.0688513286002,0.09486856493631807,-5.990211891449733e-05,-13.33668840996478,0.0,1.93,0.02
1597.7766174336955,1513.0185245764048,0.38078057084547856,0.00010900036153320338,-13.009575241934828,0.0,2.24,0.02
1535.3307387298387,1601.236976471328,0.9775846680225793,-0.001371475557658783,-13.968925864880473,0.0,2.72,0.02
1614.976599058841,1756.3990656163426,1.1937482744168098,-0.00034881109465325337,-14.352377815349872,0.0,2.34,0.02
1617.7069745091635,1601.7614175883896,1.4630258331127857,-1.2123167073467968e-05,-13.066257124605182,0.0,2.21,0.02
1684.133477769553,1782.3970047861148,1.8493680973924955,-9.133593124628438e-05,-11.930420558246931,0.0,2.43,0.02
1698.830722487957,1756.238049123233,1.2574210274200848,0.0009519459147301692,-12.977111270936225,0.0,2.93,0.02
1737.9772996783358,1827.883775619409,0.9537395939773761,0.00039492548031901895,-13.341257459032933,0.0,2.37,0.02
1734.8281446271972,1772.398394985183,0.43087623652794477,0.0005810332809961368,-13.98882033411914,0.0,1.94,0.02
1769.3928272093283,1715.818859042122,0.1536399455885486,4.567377240420255e-06,-11.790903352307083,0.0,1.82,0.02
1717.4951286936937,1825.7458704764915,-0.015380167104318387,0.0001502872526432404,-13.596253763828607,0.0,2.05,0.02
1848.6909828545445,1821.4544999757732,0.41386807712110285,-5.090017465582896e-06,-12.470545837783645,0.0,2.5,0.02
1869.1644195265128,1831.1319409318596,0.8646919215911847,0.0008432232682054932,-13.020742809219602,0.0,2.01,0.02
1878.1714265737075,1767.3976565581434,1.3262167141097638,-0.00021061306929792968,-12.235278510218532,0.0,1.65,0.02
1825.3252451753121,1764.4453818594532,1.439680691987514,-0.0007034087037133948,-14.1458403775525,0.0,1.55,0.02
1881.2713326175008,1884.7004772139248,1.3621222143097198,0.0005768044303181435,-13.182654425912895,0.0,1.71,0.02
1833.5339471684197,1924.4583294119184,1.340716450874524,-3.2294171599479234e-05,-13.677510378835343,0.0,2.1,0.02
1929.853719924594,1965.0565283475244,0.8238585705210686,-0.00035290866549451093,-14.59296877653179,0.0,2.62,0.02
1993.5907897447273,1935.4691706277054,0.5637580043404684,-0.0006536035092812421,-13.456793464344463,0.0,2.08,0.01
1938.4562291464522,1894.1046233788634,0.24345307353471438,0.0005031175426134927,-15.099781106182899,0.0,1.67,0.01
1996.1488962345275,1997.4145447267897,0.4394700771544455,-0.0005158904585408032,-13.939239965308223,0.0,1.49,0.01
1929.0884702903315,1902.6221861108577,0.5934901036945954,-0.0011295257869269623,-13.60197293406688,0.0,1.53,0.01
2009.7594469665114,1970.5516384640414,0.6048589166898393,-9.088323093641954e-05,-12.47133532922455,0.0,1.76,0.01
2071.8948158429134,1881.9392792189067,0.881471146005538,-0.00012029269618147486,-12.581200153799136,0.0,2.07,0.01
2042.7763232445886,1999.724058273617,0.6671344963319907,0.0002556338915719388,-11.983687083247263,0.0,1.78,0.01
2025.2292693565707,2118.906464568446,1.2618687807934068,0.00015103148353020178,-14.979609722590936,0.0,1.66,0.01
1997.154327617988,2068.3307903613113,1.3867226509456576,-0.0005420507754582622,-12.131256133679372,0.0,1.77,0.01
2134.123512333794,2076.2281711663445,1.063537777571104,0.0011530449160695405,-11.725782429253988,0.0,2.08,0.01
2049.27242130607,2148.281867632152,0.7821511925608723,-0.0005252677521184527,-10.379234320483397,0.0,2.5,0.01
1974.9882821318843,2050.2048671974853,0.4036649658264135,0.0004614105231172549,-12.277281697429574,0.0,2.96,0.01
2171.363256625734,2086.592485244567,0.5394829684169107,0.00010930351506495795,-11.272175852114048,0.0,2.54,0.01
2120.476757443388,2087.9772905748187,0.27487349413192796,0.0003834872634266372,-14.424248591101422,0.0,2.28,0.01
2187.7672225507545,2148.5876559176913,0.3440125630128737,-6.676755292660806e-05,-10.050980866037364,0.0,2.2,0.01
2139.1817773430075,2211.419667290379,0.3956009729019966,0.001013407720906413,-11.989044596479994,0.0,2.31,0.01
2252.789802693551,2230.5754005665885,0.5743749205454156,-0.0006685574974358405,-11.759397366175804,0.0,2.52,0.01
2217.3842039152655,2170.0370798589915,0.6303291591087734,0.0007250211099889479,-11.329000030149782,0.0,2.3,0.01
2221.318681835313,2287.7145091240004,1.1329776704978225,-0.0003272126237186662,-10.544091611184008,0.0,2.13,0.01
2227.150332396574,2217.01734420831,0.7821556659159569,-0.00020498912880747197,-12.233880891181865,0.0,2.08,0.01
2192.691152620168,2266.09890524817,1.0531232130737858,-0.0005354118979920751,-13.637893004248141,0.0,2.21,0.01
2353.4651490797974,2234.1188397667365,1.0923127239369161,0.0006619326734229702,-10.911630175131695,0.0,2.52,0.01
2336.6917251659343,2300.827637637796,0.7880236892813407,-4.820635778230568e-05,-13.406276672590076,0.0,2.96,0.01
2304.8694606928657,2299.607567433246,0.5514190683209831,0.00043801518337837204,-11.718828476959148,0.0,2.47,0.0
2477.0489896748927,2400.280677015116,0.5645696483900252,0.0001340036664483499,-12.19610336077558,0.0,2.04,0.0
2270.223319773339,2406.4341399792943,0.5035221306887586,-0.0005003033212275242,-11.35478165563467,0.0,1.74,0.0
2291.983705353101,2387.77477444351,0.0704012172960851,0.00044041184006648814,-12.166764729796785,0.0,1.64,0.0
2289.5171061512956,2351.6796012726177,0.022876681936889992,-0.0006302740793316372,-12.215383639371941,0.0,1.78,0.0
2329.8197731464816,2419.546336231561,0.4719149316026398,6.283704924488369e-05,-12.503550782493056,0.0,2.13,0.0
2374.8019170601715,2421.6551867477865,0.6240004664144998,-0.0006332403368208268,-10.486910226871915,0.0,2.55,0.0
2460.497198994095,2447.963867560395,0.7818599414250984,0.0002141574488174946,-13.165290722972893,0.0,2.17,0.0
2403.052698983656,2376.5038193887167,1.1481199839523415,9.347652585817037e-05,-10.274944682421303,0.0,1.94,0.0
2346.8279059162287,2472.680165516205,1.2753768155570218,0.00017742488560635062,-12.355675843353621,0.0,1.93,0.0
2467.6131918172737,2440.739374572349,0.8512069664587956,-4.425346958870335e-05,-12.199053428428616,0.0,2.16,0.0
2438.9171683182553,2498.1216391022745,1.1540749315356693,-0.00039831048970508185,-9.641322403300881,0.0,2.62,0.0
2594.2975619508215,2593.310823177532,0.6976428408161051,0.00040320258061918415,-13.077330920650201,0.0,3.26,0.0
2578.7288040450726,2460.919438972605,0.6488159832481102,0.00013509763660052556,-10.615070266798817,0.0,4.01,-0.01
2480.8326174118993,2589.4858153803834,0.404229990067112,-0.00048596586649657484,-11.700796877663853,0.0,3.27,-0.01
2597.7639324789357,2485.451622666806,0.02617478719499819,8.892604775101889e-05,-8.79157399785806,0.0,2.63,-0.01
2501.9522143150416,2556.215029610548,0.30756795660583713,-0.0004055728713205469,-11.787549682368722,0.0,2.15,-0.01
2521.1039873615828,2612.600328675575,0.09163414838710146,-0.00033690960595687667,-12.675229962479415,0.0,1.88,-0.01
2648.565589202843,2593.0691873561027,-0.131976323405291,-0.0012629035435733408,-10.444853959217454,0.0,1.84,-0.01
2599.478212602646,2587.105940794155,-0.017832626860995487,-0.00018126865453700896,-10.651387997579569,0.0,2.01,-0.01
2631.847419380375,2519.5598297142205,0.19059793598394273,0.001068797076098028,-12.58598499428389,0.0,2.34,-0.01
2533.187185024806,2651.899175273868,0.387291186897126,-6.213889451475534e-05,-11.007177483245353,0.0,2.74,-0.01
2560.1750392302247,2674.757595735633,0.4274123714255037,-0.00029350412220263743,-8.99455385440179,0.0,2.33,-0.01
2574.4131231583015,2592.9644435405935,0.8959471245158517,-0.0005437834669386057,-10.19931165940471,0.0,2.02,-0.01
2551.7597536451326,2635.9090011289622,0.9284747166823877,-0.00040172647419995007,-11.301098531763552,0.0,1.87,-0.01
2653.965107032253,2602.1403408211186,0.7691719508153239,-0.0007008241346561536,-10.584799416514882,0.0,1.88,-0.01
2707.600945794046,2639.4058735039025,0.7432672255523494,-4.996502662104917e-06,-11.802159920947206,0.0,2.06,-0.01
2712.0312773071782,2778.5858600661463,1.2692751086170193,-0.0009583246487507013,-11.80027281464923,0.0,2.42,-0.01
2743.4362534833904,2736.914313795407,0.5863394198576984,0.0009134012721113948,-11.034471370600198,0.0,2.92,-0.02
2627.935401673279,2636.7909755143455,0.7390285908628458,0.00047753857734225376,-11.137641290238491,0.0,3.53,-0.02
2591.390101895037,2684.1143144278935,0.3183059252276136,7.483800201372452e-05,-12.653358069797907,0.0,4.18,-0.02
2728.5879638910274,2730.018577427059,0.13545581871513662,7.575642042416866e-05,-9.493454433972003,0.0,3.55,-0.02
2805.8231359379297,2679.8620953945447,0.22904139152740627,0.0003546446993304959,-9.68202530413876,0.0,2.99,-0.02
2752.153844222338,2772.136713167605,0.22239180921223595,0.0005148022433774297,-11.597754173054163,0.0,2.55,-0.02
2740.573612739373,2692.8264504869694,0.15876800552232356,-4.6457053317035045e-05,-9.741250266138335,0.0,2.24,-0.02
2697.0884975550784,2784.8300013458183,0.27272391599283297,-0.0002903054908704974,-10.511909482230253,0.0,2.08,-0.02
2853.0439244568233,2872.0853738128685,0.2580833477001842,0.0004737206670616623,-10.77189777582532,0.0,2.06,-0.02
2766.615893115156,2721.7024100214894,0.5973494937019439,0.0005570187172524395,-9.010508780140658,0.0,2.17,-0.02
2739.2651609862837,2762.296818340796,0.16046832985402765,0.0007677357216942046,-11.459131648000266,0.0,2.35,-0.02
2881.188742849013,2791.6908013713432,0.6480112965818582,-6.620666385345461e-05,-11.501540103165727,0.0,2.56,-0.02
2760.0131290220525,2902.21673494031,0.4072987571001777,0.0004818244809019892,-11.25772566884064,0.0,2.35,-0.02
2924.3836015446927,2874.2835620092374,0.588006521345387,-3.389817621219061e-05,-10.223882226300894,0.0,2.2,-0.03
2884.427913001132,2835.004120201675,0.5045517743316724,-0.0005517728382750778,-10.77255261492226,0.0,2.12,-0.03
2899.3060594733356,2753.839239926028,0.6294858613801261,-0.0003336509840729412,-10.376152767068316,0.0,2.12,-0.03
2903.505461404357,2826.7379892391587,0.6445461111636506,0.00014900910006728844,-14.343680586890898,0.0,2.21,-0.03
2827.7716719325267,2941.7708795877006,0.32980035068072977,0.0003027179981936366,-10.265793414894913,0.0,2.38,-0.03
2828.1806967121584,2830.3312962100913,0.44260281662828604,-8.434762007184166e-05,-9.766477632297192,0.0,2.6,-0.03
2828.9547985742693,2818.852685583441,0.44900036979881497,0.00015534701351055556,-10.584898176603893,0.0,2.88,-0.03
2901.159053316887,2825.127968970132,0.455671545403817,-2.8754982237896853e-06,-9.323228328072155,0.0,3.22,-0.03
2925.006732179386,2959.7399508745725,0.6941621694588571,-4.38659406138225e-05,-10.025491814392252,0.0,3.6,-0.03
2968.3172428735506,2969.5406788915557,0.29332867696539766,-0.0003710949222582625,-11.933508270232174,0.0,4.01,-0.04
2897.0837560234713,2950.0861713185927,0.18688728468549565,0.00040910541885750363,-10.457715889747504,0.0,4.44,-0.04
2929.5002823132613,2921.5135221425576,0.37518251166451655,-8.12612468094467e-05,-9.676482937711803,0.0,4.02,-0.04
2933.647828388629,2931.821387226629,0.40441150248938196,0.0012035705746995917,-11.345480878432221,0.0,3.63,-0.04
2925.8148356068996,2962.3903828578436,0.053579276881193155,-0.00018693106038977062,-11.223151564288695,0.0,3.26,-0.04
2875.8895574630396,2871.952870274161,0.2830799793879075,0.0003761014074913208,-9.742060440333983,0.0,2.94,-0.04
2905.045884876708,2996.1299863380036,0.32585363321646793,0.0007315742237325558,-9.870686415254838,0.0,2.64,-0.04
2939.0060483436273,2979.3666732857278,0.5848041968697868,0.0010815229288995577,-11.469789179340012,0.0,2.38,-0.04
3061.3905138228515,3031.1008176218634,0.444373791820448,-0.00040797273745297904,-9.648996126322308,0.0,2.13,-0.04
3018.831353876723,2944.7287556928704,-0.1126746147467163,-0.0003467197516682722,-11.16588308946379,0.0,1.91,-0.04
3041.7232043408635,2964.105140091748,0.13747953596958906,0.001049933511997203,-8.311848338940983,0.0,1.71,-0.03
3090.8664625578235,3077.9531170837245,0.13159638356752898,0.0005557766929342648,-8.11721167805994,0.0,1.54,-0.03
3060.3683562500582,2917.88116213094,0.5599188926360031,0.00015308700035444978,-11.0087667322472,0.0,1.4,-0.03
3010.899868411237,2980.7262197676346,0.3668048670911876,9.363272647977318e-05,-11.11265758430934,0.0,1.28,-0.03
3095.4835107698386,2996.862572769227,0.3499474072430345,-0.0005430868292480396,-11.392335098822862,0.0,1.4,-0.03
3128.0039261766806,3056.3337157137253,0.34439912909401527,-0.0007787520196824337,-10.546230907922492,0.0,1.54,-0.03
2997.0291333688397,3122.027209679404,0.334223227713645,-0.000477429291033387,-9.849133828004117,0.0,1.7,-0.03
3078.768207477867,2965.4714632844707,0.40448684810428526,-0.00013016543267703722,-9.725978594020434,0.0,1.89,-0.03
3039.2984036444236,3029.0433958595104,0.4687376602503424,3.827139483906199e-05,-8.366295281193626,0.0,2.11,-0.03
3170.29842983657,3119.0587880408775,0.3737567363568026,0.00045817758820241173,-11.802751093335036,0.0,2.37,-0.03
3064.9155607591138,3088.931201630183,0.46786034131090126,0.000268455064982569,-9.028704477928883,0.0,2.68,-0.04
3117.371038312621,3185.9549112730906,0.46029970824290384,-0.00044269624727363616,-9.20462149568031,0.0,3.04,-0.04
3067.8047732746672,3107.3297111743514,0.23157933240507647,-0.0002789055577457054,-11.162678292012563,0.0,3.44,-0.04
3184.8624223884117,3058.3419797764823,0.32566834518553894,0.0002789381167633325,-9.532531834521112,0.0,3.88,-0.04
3092.7395976634107,3027.5011845563113,0.4837657229541552,0.00047309023950838644,-10.621382313654854,0.0,4.36,-0.04
3153.794512572632,3148.3905009692885,0.1777745236906438,-0.00019390950344906887,-9.915337800900241,0.0,4.89,-0.04
3127.891596045471,3138.5252827524896,0.23507011605540656,5.981251605662526e-05,-12.248560103465634,0.0,5.44,-0.04
3154.447232709134,3247.262600119232,0.0700460880947267,-0.0012486453233737454,-9.92288753900554,0.0,6.01,-0.04
3140.8861232551694,3134.3657698975844,0.24650960848878756,0.00022816696892851386,-12.715398146158673,0.0,5.45,-0.04
3115.300630455129,3087.9941803726724,0.14121263301631032,-0.00014675932536150466,-9.179063523831552,0.0,4.91,-0.04
3128.0014472865646,3167.585809762969,0.2747243776460476,-0.0005615506440534216,-11.244761087125216,0.0,4.4,-0.04
3140.856917537989,3179.453361980211,-0.1445266372491412,-0.0002756053211371804,-10.265459855789178,0.0,3.92,-0.04
-5.056322275015646,6277.336385673694,0.25928277175990044,-0.00031104873198920197,-9.963808900982722,0.0,3.49,-0.04
3164.7939985853154,3097.2803683672228,-0.015014969783144788,0.00015296439430493891,-9.927420870338691,0.0,3.11,-0.04
3143.754897538055,3094.7562736506547,-0.05629301794320962,0.00014116597232023643,-11.351559243193044,0.0,2.78,-0.04
3119.030624850013,3175.247179904314,0.1886805000875159,0.0009569962314141712,-8.136979484632565,0.0,2.5,-0.04
3098.199244893055,3242.2766534728985,-0.2059703116871446,0.0004922113479350517,-9.946056735531604,0.0,2.24,-0.03
3114.593971005895,3230.391815403511,0.4826442082680773,0.0011633457852406044,-9.130735858368645,0.0,2.51,-0.03
3187.0835146652717,3193.952557135225,0.5254990846415901,-1.2388512523523241e-05,-11.597726318719474,0.0,2.79,-0.03
3149.1173703136596,3169.210439098981,0.38523676330119677,-0.00021548878235725158,-9.673589018834917,0.0,3.11,-0.03
3188.201966436134,3183.2078723782834,0.214000358815277,0.0003350220096273242,-10.727334926971025,0.0,3.47,-0.04
3150.3218112398836,3221.159819184511,0.28034539215770626,-0.0004717304353009369,-10.472091707798132,0.0,3.88,-0.04
3216.9686883548375,3092.1609724454715,0.3260848045108018,0.0004589602272000014,-7.394765371817808,0.0,4.33,-0.04
3188.4599657769477,3289.218827440443,0.2866834578097493,-0.000348703399319185,-10.14345055502984,0.0,4.83,-0.04
3150.845640942464,3227.7061733438595,0.19638755078607004,-0.0007380776661777249,-8.401641186038585,0.0,5.38,-0.04
3244.1768515864164,3335.017383641898,0.3536244877933975,0.00010668141834249429,-11.316758340955655,0.0,5.97,-0.04
3260.3703901106674,3175.681140961857,0.30082928938407744,0.00030314196433262226,-9.235291598081005,0.0,6.59,-0.04
3171.0949714408025,3253.501236217292,0.180004957666082,0.0002168276302644395,-12.74780737606304,0.0,7.25,-0.04
3229.880187738634,3207.246862899152,0.3439592821106206,-0.00046297648002438415,-10.732361592749907,0.0,7.94,-0.04
3252.679577531225,3215.505403392857,0.22144323313759923,-0.00025239863677547353,-8.5076113565261,0.0,8.66,-0.04
3259.0724616331145,3218.4746817711675,0.07636132220990112,0.00015764828261050423,-11.217405599126593,0.0,9.4,-0.04
3224.419670616009,3173.3259103655814,0.34171898690837677,0.0007223440969512167,-7.520245399565771,0.0,10.15,-0.04
3269.398237917313,3187.7596241594006,0.1587036638133598,0.0003613821227165944,-8.127336873345506,0.0,10.91,-0.04
3235.7562364026176,3272.921808773637,0.21949043785094,-0.00031941081468461936,-13.175395551168286,0.0,11.68,-0.04
3177.9394856718973,3273.9348339082867,-0.01315540755535996,0.00024808930226332814,-10.397838437466167,0.0,12.47,-0.04
3262.7165434071558,3177.4082474053043,0.2370723013477182,0.0002111006070271844,-8.381582503940235,0.0,13.28,-0.04
3329.737387964129,3166.646976557607,-0.12836332354321162,0.0003455393042324771,-9.306910058911283,0.0,14.1,-0.03
3264.253499188269,3283.379993505911,0.049524544996426,0.0009049506169934182,-9.499708085518618,0.0,14.92,-0.03
3285.001006744663,3322.7784924451903,0.5036404914316657,0.0002153036494976814,-10.698807304905053,0.0,15.74,-0.03
3180.5239090593427,3245.481254661504,0.29442106221271114,0.0006453592903681855,-10.506024279074952,0.0,16.58,-0.03
3304.116201298721,3217.04746546514,0.18461735903811474,-0.0004920089088714096,-10.351343430434735,0.0,17.43,-0.03
3312.3658458975133,3251.3735243034266,0.19538567933869447,-4.5440509595191076e-05,-10.313961063345328,0.0,18.3,-0.03
3308.601910656571,3288.2130572272067,0.09478441204937435,0.00034639721715102646,-8.775789228246184,0.0,19.2,-0.03
3332.1241618496692,3228.7957481775097,0.03509954334670859,-0.00019213968980493789,-10.22278183527056,0.0,20.11,-0.03
3338.9327571683725,3278.8595277399395,0.19137204078644415,9.73879655062881e-05,-9.452868809535135,0.0,21.05,-0.03
3330.8283449590854,3276.564568905215,0.15277309328428718,-0.0004359318246104222,-11.468692581077674,0.0,22.02,-0.03
3376.0311960857543,3249.071591177089,0.3448685796041907,-0.0007525109991314255,-9.527074879156492,0.0,23.0,-0.03
3369.5053026673404,3258.0295337158263,0.08249194770486865,-0.00024159885326779167,-8.766340741122983,0.0,24.01,-0.03
3323.451833999458,3373.7128596795296,0.009092307719907988,0.0007321071894050352,-10.416781714818264,0.0,25.04,-0.03
3329.743670332513,3362.307350775602,0.21480745931902928,0.000535080663644497,-10.149199256761653,0.0,26.08,-0.03
3385.2510371142616,3389.041461430033,0.13815907673159833,-0.00014518557678035637,-10.236275026641412,0.0,27.14,-0.03
3229.7859919382245,3300.062235308814,0.35156100818266345,-9.200144476217138e-05,-9.693618681167617,0.0,28.22,-0.03
3290.136186373806,3269.2912271230657,0.08696776980696566,0.00015297676251952566,-9.882710403548288,0.0,29.32,-0.03
3319.1365994900884,3296.398245921616,-0.014216413354782131,2.5561129794902448e-05,-9.27021861496984,0.0,30.44,-0.03
3372.440003055202,3297.4847513392483,0.12062913958932708,0.00021308495997905038,-8.30861323867411,0.0,31.57,-0.03
3420.4197338387203,3344.387593469338,0.24929637936122523,8.329532878096558e-05,-10.458787521607215,0.0,32.73,-0.03
3344.537122706207,3264.763469036022,0.11302782995187813,-0.0004749877459113116,-9.8908079988784,0.0,33.91,-0.03
3264.891430554535,3400.9362921112815,-0.08231710373738471,0.00013408789897282128,-8.091389171332112,0.0,35.11,-0.03
3328.072929806437,3416.6411058000867,0.2559452623159937,-0.0001859541196660961,-9.566934115227959,0.0,36.31,-0.02
3317.3554131761452,3404.986439120595,0.13070116160509332,-0.00017997982645233696,-8.86047541594959,0.0,37.52,-0.02
3382.7332431159784,3272.63595397087,-0.15531693265202595,-0.0003860479059631324,-9.100801878596464,0.0,38.75,-0.02
3338.6278116174235,3309.0948244561237,0.13994273187199324,0.0005860853384037862,-9.472817157547173,0.0,39.99,-0.01
3281.1298961165426,3400.428163112515,0.01650745231159051,0.00036274655046198844,-8.461493399411616,0.0,41.24,-0.01
3272.7446558920174,3318.6255615584714,0.2557966392829858,-0.00047214232437920204,-10.03580453519452,0.0,42.51,-0.01
3356.059209000984,3266.164201748287,0.11321019271402666,-0.0007736446426192456,-7.811435217897508,0.0,43.8,0.0
3265.0125290338115,3366.336079043098,0.26811555269977416,0.00026754707754301566,-11.026680762646627,0.0,45.09,0.0
3249.952029916055,3412.770121426509,0.21000098514711024,-0.00047727349786367174,-9.326285817451096,0.0,46.41,0.0
3247.6947753670756,3307.139379254813,-0.052511716596292835,-0.0003260981716141403,-11.49824374978292,0.0,47.74,0.01
3271.3755212501646,3286.9173452717887,-0.014323427166115732,-0.00017039726210734798,-8.489563965157792,0.0,49.08,0.01
3270.3392524681426,3261.018362977192,0.29938358664073395,-6.327321354118958e-05,-13.069259866203145,0.0,50.45,0.01
3216.3556071068006,3427.311933076935,0.11751336595779503,-0.0002240205307730366,-8.947510119245964,0.0,51.84,0.01
3316.8704632576255,3343.317554145324,0.2032177471696224,1.010568414762688e-05,-10.477506478460185,0.0,53.24,0.01
3308.9645619178345,3288.8042074644263,0.19293889721912832,0.00020895080572712855,-8.004569487467103,0.0,54.66,0.01
3340.506032686616,3177.2262364888256,0.47031740527708477,0.0005940330115735606,-7.752339769068838,0.0,56.1,0.01
3257.5483494331065,3331.857777499469,0.03220804184700417,0.0006988161354828223,-9.058184589429063,0.0,57.57,0.01
3394.3627217087183,3404.231237493289,-0.06978152574188257,-0.00047443005910660017,-10.224417966121436,0.0,59.04,0.01
3301.809483469663,3350.1181928243764,-0.016711426991899814,0.00048120090683562947,-8.778358549910775,0.0,60.54,0.0
3297.7710333131777,3442.9321056242015,0.08624396380314003,-0.0007890347819299866,-8.883483198907703,0.0,62.05,0.0
3384.06710018496,3360.6743909693696,-0.2131001354334206,0.0006169360783633746,-9.588023578800296,0.0,63.57,0.0
3368.628910911109,3301.521609972295,0.01103610512995648,-4.81292463202505e-05,-7.690075919329207,0.0,65.1,-0.01
3301.094275383869,3392.6264390769647,0.1790517476323522,-0.0006842253998622836,-11.596971977417937,0.0,66.64,-0.01
3266.1237243065734,3231.1908375674293,-0.15449923425862777,-0.00024103262490327446,-9.716967007978742,0.0,68.18,-0.01
3259.171740405341,3324.7370166341016,0.05730476256533769,-0.0008568227539991379,-7.09411178504018,0.0,69.73,-0.02
3348.771166342272,3292.42510498637,0.14653841013368796,-8.570512050125388e-05,-9.614992444243027,0.0,71.27,-0.09
3370.3496950643985,3319.768668699273,0.2114414888340277,-0.00019158405102342693,-10.90344053504047,0.0,69.74,-0.12
3281.499889048108,3434.538762379501,0.3991120441273512,-0.0007289022651718516,-10.19136450142399,0.0,68.21,-0.14
3351.75310583834,3398.407370583555,0.061304594032870016,-0.00019760819589664284,-8.63859526550285,0.0,66.7,-0.15
3258.430241853879,3380.7424509327057,-0.15098594671794152,-0.00014692367040254427,-9.337371572001105,0.0,65.2,-0.16
3283.735981331238,3218.792697196847,-0.09371458346207859,0.0008473919949472127,-9.834627177790747,0.0,63.72,-0.16
3365.824002268486,3279.0244790399497,-0.007132618635787541,0.0004355080925830892,-7.974769487391934,0.0,62.26,-0.17
3344.000862728622,3254.349014610349,0.3842259785359836,0.00018406870335150701,-9.116872471595508,0.0,60.84,-0.17
3299.6966793956362,3306.8629082659577,0.03900040876556235,-0.00024208974100560116,-9.792943866981236,0.0,59.46,-0.17
3259.526851322478,3273.297002637247,0.21091129928276964,0.0012463557928597093,-8.693865922147575,0.0,58.11,-0.17
3325.3229974249516,3384.257984036616,0.39450320448827136,-1.324675508487404e-05,-9.218235375097894,0.0,56.81,-0.17
3427.193351393701,3291.215300499349,0.1055386762424909,0.00040653500264177907,-8.554969726335399,0.0,55.54,-0.17
3238.3703654029823,3359.816413186924,0.26754162081303456,-0.0005150811828857068,-8.160494698013604,0.0,54.32,-0.17
3276.9625395514327,3378.84542303216,0.29226049656950415,8.813743069934826e-05,-9.192882276761631,0.0,53.14,-0.17
3321.1410087346876,3340.3269170134204,0.24288682292275063,-0.000956963130658551,-9.650460646666197,0.0,52.01,-0.17
3314.7856517742425,3293.2949463035193,0.24047142972380428,-0.00017067084156869095,-9.09330161829189,0.0,50.93,-0.17
3198.0752075045825,3311.479410128428,0.09832753684990267,-0.0005166808267135747,-9.076631154934349,0.0,49.88,-0.16
3310.84330998127,3293.468975359825,0.20394111277507676,0.0009652817181559865,-9.76678192502822,0.0,48.89,-0.16
3270.9123381973027,3232.317852898042,0.27771191581594445,-8.852807526210998e-05,-9.504185284099188,0.0,47.93,-0.16
3333.4658213889697,3276.2470439338986,-0.3014885209788467,0.00011837096006264511,-10.162105580364914,0.0,47.01,-0.15
3341.0584896112778,3239.8575495100476,-0.038831145603270584,-0.00039626501625886234,-10.59048739039916,0.0,46.12,-0.15
3213.1057474987842,3259.138973804541,-0.011434750952989625,-0.00026437556682182175,-9.827051167498192,0.0,45.28,-0.15
3286.138252124326,3336.076210770849,0.1738860120702167,-9.895497448200437e-05,-8.749439878682718,0.0,44.48,-0.15
3256.624707079953,3220.2902431233933,0.4653165258743152,0.001060043137142137,-9.276658010254646,0.0,43.74,-0.14
3264.535198989304,3311.156921920432,0.13151295290227802,0.0006912386777330397,-9.124586558502786,0.0,43.06,-0.14
3329.954731380873,3256.618288374391,0.4177940145749389,0.0002676726638051484,-10.46459767290787,0.0,42.43,-0.14
3177.6328366405423,3274.534236316374,0.11291898835875125,-0.00035891492335075035,-8.887636455108947,0.0,41.86,-0.14
3264.174406603918,3234.336411413982,0.45203010305869906,-0.0002780809709280413,-9.88747656413707,0.0,41.32,-0.14
3279.9728603602566,3241.1556198903463,0.307105952807167,0.0002120617444631867,-10.380419377611442,0.0,40.83,-0.14
3306.8059463277764,3281.643550779975,0.23063353422674845,0.00018283316342085728,-10.082380666601452,0.0,40.37,-0.14
3246.183508362019,3239.7190041100744,0.16959005914857186,7.951038569496487e-05,-9.116368645467464,0.0,39.93,-0.14
3180.19176808807,3258.4930066429765,0.42396337411457596,2.31176873722701e-05,-9.061717122394588,0.0,39.52,-0.14
3156.1646983394767,3182.3870324363043,0.1989447708949948,0.0003685243655387208,-11.281079628515219,0.0,39.13,-0.14
3175.9318163874063,3303.831803419949,0.16674307884907344,0.0007062931841094317,-9.469059614319548,0.0,38.75,-0.16
3272.69127350391,3271.431592749455,0.2679661765547524,-1.7909318804169747e-05,-10.875533775585916,0.0,38.38,-0.17
3294.0967290116214,3189.510900496195,-0.006741319697759207,0.0005010722262337499,-10.406521071338918,0.0,38.75,-0.17
3243.4222199645887,3194.6133819807374,0.2887555952063121,-0.0010145878666232755,-9.396628755469303,0.0,39.13,-0.18
3165.9555424931195,3285.5021369990295,0.17326203774855403,-0.0006389667178517977,-9.163863191894961,0.0,39.53,-0.18
3260.7232355291903,3248.02101060036,0.1446994178621238,0.0004151107914959161,-7.742438693377874,0.0,39.95,-0.18
3184.995585373833,3216.709885185572,0.3097644192735274,0.000619865282786403,-11.621182984090675,0.0,40.4,-0.18
3214.7695735139814,3197.135967580671,0.1529420340656096,0.00017612005318704598,-9.96804596233739,0.0,40.88,-0.18
3233.782525399691,3195.146182294109,0.2956029572027037,0.0003530611129905899,-8.442250146992551,0.0,41.39,-0.19
3171.5471330238665,3219.3518011101887,0.07457759984353879,0.0006120862427049628,-7.935106482240304,0.0,41.93,-0.19
6374.502714935943,6310.180524738602,0.1675499890081718,-0.0005321514225625187,-9.653000571603995,0.0,42.48,-0.19
3171.3118199196015,3217.520324551596,0.29659012381286254,0.0009050045580266971,-9.694930892325564,0.0,43.07,-0.19
3231.748346647409,3211.264565266155,-0.08865813928467203,0.000579671871444594,-9.908117878548554,0.0,43.69,-0.19
3263.321583373813,3247.6726316066747,0.24540318022678853,-0.0007423731810448008,-11.197444309320604,0.0,44.35,-0.18
3228.5670995645137,3035.826903987147,0.11520457392945604,-0.0001949436799032944,-10.705588937075687,0.0,45.03,-0.18
3210.070042535698,3225.152560424806,-0.22329107340214174,-0.0003325894810800929,-8.999184478837275,0.0,44.35,-0.1
3162.619599143199,3169.555574405519,0.004946670416316273,2.7751411674443455e-05,-10.502838938606516,0.0,43.66,-0.1
3125.599408474695,3191.298558722356,0.25041614421761677,0.00047242483590640853,-8.61173836283887,0.0,42.99,-0.09
3231.112529746141,3088.5250785852368,0.00141344060766313,-0.0010468581934191302,-8.206817701276252,0.0,42.35,-0.09
3150.1228094325224,3179.251828450097,0.3033935096028413,-0.00020524035916329934,-7.921638790385288,0.0,41.75,-0.09
3095.0666683269005,3080.343327572442,0.19770773499998462,0.0002966886528526481,-9.435710260720228,0.0,41.19,-0.09
3090.968892322599,3154.0789950327803,0.4577502316045533,0.0003286453729984984,-10.774870294307993,0.0,40.68,-0.08
3055.4064168017917,3140.4737937890523,0.4176515961904113,-5.6972496594406326e-05,-10.858723777183723,0.0,40.22,-0.08
3103.143472666457,3139.197718432216,0.4188968372679963,0.0003701277276571801,-9.774689946480503,0.0,39.81,-0.08
3101.0025468751182,3126.7683148096617,0.06912048101098267,-9.578226392995402e-05,-9.646975441821786,0.0,39.46,-0.08
3131.059911170722,3132.767466366689,0.11066372760902154,-0.0004687047110894251,-10.155670544151562,0.0,39.15,-0.08
3067.478421399479,3036.4031768997534,0.6612505926868697,0.0006502466904392091,-7.575981939815993,0.0,38.9,-0.08
3081.093186415985,3064.8235021534724,0.5540891521178334,0.0005906800343886614,-11.10451056096958,0.0,38.71,-0.08
3085.1252459146253,3052.2856915214907,0.06407145067302,-0.0005403100174982572,-10.449692697566858,0.0,38.58,-0.08
3133.3982992063434,3101.3004909482324,0.5837438168325861,-0.00013457044393751593,-10.1364199240525,0.0,38.5,-0.08
3038.6696608876873,2970.6613639878606,0.567377975369181,-0.00038230046262443135,-9.737680079037165,0.0,38.47,-0.08
3055.366712129874,2999.4143928400626,0.14187105617262358,-0.00044690079009485827,-9.336201289502107,0.0,38.48,-0.08
3011.4727642816247,3041.317098589259,0.2287769030757259,-4.2460019277094186e-05,-8.32246045876483,0.0,38.5,-0.08
3050.8012670051635,3041.055859892806,0.14571613816305096,-0.0008624835209612223,-7.8951677847876205,0.0,38.56,-0.08
3010.6796679532495,3081.998408196403,0.1952482927935313,0.00022718596920033742,-9.018657868343844,0.0,38.67,-0.08
2944.739047993368,3067.0822012275075,0.2481258481245185,0.0004260616317258894,-10.24358954296065,0.0,38.86,-0.08
3010.123646460558,3019.2764707468314,-0.0069932379899527025,-0.00015349757721772864,-7.76683335036012,0.0,39.12,-0.08
2926.2347509964934,2988.381367154622,0.1989943905829055,-0.000446241785284386,-10.046935912067456,0.0,39.46,-0.08
3015.9190613267056,3012.6784231094425,-0.12087996905879743,-0.00032925374195038237,-7.8194112882940505,0.0,39.9,-0.08
3017.019507259397,3059.721630010584,0.06896618155359778,-0.00025956417506743965,-9.523500284209264,0.0,40.43,-0.08
2954.593173444991,3052.7667205528396,0.18834693904213184,-0.0006514657504355636,-9.400682862881293,0.0,41.03,-0.08
2918.082660974072,2925.944568479583,0.428786334254854,0.0004639194293960866,-10.454878418497481,0.0,41.68,-0.07
3071.8940996748556,3025.7009562188405,0.11832078532142402,-0.00010748176032470512,-9.69833623656735,0.0,42.36,-0.06
2833.9919803699077,3007.920128105026,0.41489133492645947,-0.0007972683183498816,-9.567273742968947,0.0,41.69,-0.06
3024.190070834411,3107.14218356652,0.34012057541773966,0.0005561805483734293,-8.199156567786206,0.0,41.04,-0.05
2936.8076552756706,2908.656650732158,0.45472419923121404,0.0003862192027193546,-9.944467758617934,0.0,40.44,-0.05
2853.6260388910478,2905.0800902204583,0.5130907876459186,-0.0004939532031926008,-9.547837886200321,0.0,39.91,-0.05
3039.85898985349,2977.742695439204,0.5704016139722843,-0.00011600766146856006,-8.732367622094154,0.0,39.5,-0.05
3002.1454670910916,2886.6817561721646,0.6809574123042671,0.0005893535319359074,-8.325156495548368,0.0,39.24,-0.05
2860.282519474954,3031.330706827157,0.5549941592556671,-0.00018246822834834127,-10.32527226333785,0.0,39.12,-0.05
2980.0435206080006,2925.4553709938123,0.4403747726205436,0.00014539589001240504,-9.105689938833622,0.0,39.13,-0.05
2991.410484958535,2940.004262124777,0.5200483757603092,-0.0002051136178410955,-8.049348984519671,0.0,39.26,-0.05
2898.423168592529,2828.685625328729,0.3248791417215765,-0.0007385607513331377,-9.932556322921698,0.0,39.49,-0.04
2817.7457600406537,2867.049993259927,0.5097589143549053,-0.0004896681933608386,-7.442129313233052,0.0,39.78,-0.04
2892.911016749493,2902.6004552470777,0.5628397125355197,0.0001451141030306721,-9.611691867232478,0.0,39.48,-0.04
2772.8765409330513,2870.2484378808545,0.18064810710874393,-0.0002987954055888651,-8.591877449895273,0.0,39.21,-0.04
2863.546383403555,2862.056055070665,0.21218244865268765,-0.000351517782051191,-9.400555593379945,0.0,39.02,-0.04
2860.6430446597838,2862.667257815361,0.04921732596096736,0.0005344389290202165,-10.176199922393796,0.0,38.9,-0.04
2803.5601435330564,2785.1446450419935,-0.08417287721828698,0.0003144114920338718,-8.840847334366625,0.0,38.91,-0.03
2831.6212432747993,2748.807640616422,-0.09726156771392537,0.00042983319322686513,-7.7217500904611525,0.0,39.05,-0.03
2716.0192591229606,2864.389047363621,0.35330071138895724,-0.0007703392847685224,-8.771638475784627,0.0,39.32,-0.03
2865.7792700184204,2833.712334671679,0.05685910746023454,-0.0002156411732482045,-7.972574361250087,0.0,39.73,-0.03
2826.5362166639625,2773.106393823749,0.04277310919196424,0.00010619277843683252,-8.449086819834475,0.0,40.26,-0.03
2795.9430545213527,2825.653332281146,0.0713951838365663,2.8120150767855523e-06,-8.459360442049304,0.0,40.9,-0.03
2817.385352012379,2813.479113289292,0.35779628584517975,2.1108062948359045e-05,-7.900238876792019,0.0,40.22,0.0
2852.3401019177013,2724.881494598495,0.5821204741130753,0.00022642045115725036,-8.442274144469804,0.0,39.57,0.0
2736.3881627728156,2743.04439915682,0.6754757265961631,0.0006125351018095685,-8.39200250283447,0.0,38.99,0.0
2658.436360417034,2736.159356731095,0.5186539410913772,-0.00035826933976869824,-7.687831139217915,0.0,38.51,0.0
2707.981307810419,2662.122675523008,0.6718014890334958,0.0008165346780008617,-9.010949134058642,0.0,38.17,0.0
2737.0119962065096,2801.173277122536,0.7578866750468419,0.0004547218466698811,-8.472423252729692,0.0,37.96,0.01
2647.2256891088578,2722.993436675832,0.5549322804390757,0.0002967787213290428,-8.82448504411254,0.0,37.86,0.01
2708.241318969656,2650.859138583471,0.48096176136598534,0.0003945190052930981,-8.736210300430749,0.0,37.88,0.01
2692.3565629651266,2741.3656395569324,0.90070453432651,0.0006886343723258131,-10.420093664294388,0.0,37.99,0.01
2629.347905202907,2669.4192995367994,0.17506409165829528,-2.8016731486194578e-05,-9.749624438625771,0.0,38.18,0.01
2593.449100689158,2613.943456169615,0.48413614493551144,-1.580301656943891e-05,-9.261266921333895,0.0,38.42,0.01
2637.8413904428444,2584.3244134799843,0.282173170583266,-0.00034402026365316,-7.981761901885438,0.0,38.18,0.03
2630.6464679462933,2572.9575135843966,0.31562826964644686,3.802578594649045e-05,-8.329155602831335,0.0,37.97,0.03
2650.355832530523,2635.5521396926647,0.1261546590829421,5.001102664241862e-05,-7.417974617584117,0.0,37.84,0.03
2621.3140843730525,2623.4625003743904,-0.08865066520163364,0.0003018806854674376,-8.214765581578908,0.0,37.8,0.03
2653.3800353063666,2612.9691409130032,-0.04606269945976742,-0.000305457098390279,-6.996833345591492,0.0,37.9,0.03
2560.8114121213484,2520.9275369387433,-0.1396733102604932,-0.0005124862798462708,-9.776169873909,0.0,38.13,0.03
2571.356776159305,2601.9922544031483,0.32365996909728323,0.0004841899647608675,-8.551197734633021,0.0,38.48,0.04
2494.2879730741115,2564.252107400056,0.3713629963305163,3.6999752474756e-05,-9.26929620538148,0.0,38.89,0.04
2555.082221863648,2607.587207776036,0.37402391354307063,0.0003355036554612766,-6.74130996744954,0.0,39.38,0.04
2587.5710836020758,2517.8841228258084,0.41728170451489477,0.0006247818432737679,-8.821112707710771,0.0,39.88,0.08
2499.813566836668,2575.978642747991,0.6093055099662618,-0.0003797309585775359,-8.921186969020159,0.0,39.41,0.09
2527.3962454425955,2566.5002178859845,0.7991539094483707,0.000552910573236068,-8.725842462870357,0.0,39.01,0.09
2588.716706416251,2465.8732292579207,0.7480930347164657,5.872535564832545e-05,-7.900978610186625,0.0,38.74,0.09
2538.9257867891333,2594.011382437327,0.6138012068453464,0.0001234988395389001,-9.088925529464337,0.0,38.61,0.09
2564.431556393318,2490.8386955868637,0.6584456419371063,0.0004371804227826059,-7.37321647554826,0.0,38.6,0.09
2426.7817634721646,2429.7261380317805,0.6197383700276459,-0.0005236156410334534,-7.364269220726335,0.0,38.67,0.09
2466.115329339754,2544.6955477579622,0.19717751606437628,-0.00015870082112927968,-7.729977327636357,0.0,38.79,0.09
2401.7698015100964,2482.0035439640305,0.4028155280061212,8.732089706388117e-05,-7.042589439423837,0.0,38.98,0.09
2446.1476763079254,2407.3423345852298,0.23071601948609372,0.0009139053640830675,-8.38829989146237,0.0,38.78,0.1
2458.3190507994605,2405.4464822059467,0.35448134939832576,-0.00044361886536946636,-9.48144748024436,0.0,38.62,0.1
2375.001676641013,2362.144594001207,0.31900268655122416,-0.0011631818161582166,-7.2687055319531115,0.0,38.54,0.1
2435.9801752669277,2422.7197628669664,0.3331398968017813,0.0003462104732245533,-8.655805781233209,0.0,38.54,0.1
2420.7805616924365,2358.825230183055,0.5137559180256004,-0.0004341728278680241,-9.64373457213801,0.0,38.6,0.1
2319.9914052274307,2370.5016763979593,0.2684626298355248,8.159769800183039e-05,-8.095784458055643,0.0,38.73,0.1
2385.07145098412,2276.439272428989,0.18141605700902946,0.00023915272650147293,-9.124435795677426,0.0,38.91,0.11
2227.8357727493853,2306.302549012076,0.6241111103861601,-0.0001512090509387101,-8.442537213899561,0.0,39.11,0.12
2268.7283008905115,2368.013929398641,0.4457245438700162,0.001794772269384985,-7.55271847592977,0.0,38.91,0.12
2368.2471786718497,2280.5765609302857,0.4210130266812405,0.0002255095676513663,-5.921808489383328,0.0,38.73,0.12
2362.326517912799,2426.5031089382665,0.47276129241001524,-7.654170213603526e-05,-9.141740341798823,0.0,38.58,0.13
2300.1029383812734,2217.02605459104,0.3318128041651652,0.0001677485457049875,-9.171192998807017,0.0,38.72,0.13
2229.0861836332206,2296.3946510183596,0.18876224731682034,-0.0005867775894357429,-8.902559784797923,0.0,38.88,0.13
2217.5620328757204,2206.955574428106,0.5328669073753995,-0.00017784308773655694,-9.809558021752997,0.0,39.07,0.13
2205.0261925510385,2218.158632514668,0.4022827458881411,0.0018900097683508597,-6.961086258488615,0.0,38.86,0.11
2259.0621983579763,2207.364824605407,0.4341918760394262,7.666213716910769e-06,-7.654376348736738,0.0,39.08,0.09
2205.9362109552812,2213.572147361854,0.6918479724837512,0.00017936186780989505,-8.089156867252104,0.0,38.86,0.08
2103.8918963728943,2157.000993907127,0.6666829935855347,-0.00019627814252155929,-8.375693207561289,0.0,38.64,0.07
2136.9565177712925,2170.96734788175,0.8361227544855321,0.0005578286570792221,-8.672510951926922,0.0,38.44,0.07
2084.2288456931574,2171.6655302817803,0.635099836287195,0.0005281648282370357,-9.172020882474374,0.0,38.32,0.07
2104.0765165015237,2103.3535575047467,0.8804974840571742,0.00026202874959819583,-7.4634212410729805,0.0,38.28,0.07
2122.8395144672377,2064.039620605108,0.6925972047100394,-0.0004008275043842169,-6.888398333211413,0.0,38.3,0.06
2151.3660465303283,2173.5812417907828,0.7250607801193285,-6.50776124450628e-05,-8.464088610528373,0.0,38.4,0.06
2122.8269823635533,2110.026242137694,0.318239877859849,0.00010620707727769938,-8.441523669576993,0.0,38.52,0.06
2154.5955221866916,2150.9667617237733,0.4549290306746749,-0.0001193217790225968,-7.981030615679084,0.0,38.38,0.06
2092.396065618965,2105.6811177859895,0.32953412902409307,-0.00011658619595826175,-7.895420894015478,0.0,38.26,0.06
2139.6344504691433,2050.1445930117497,0.33118161518059813,0.0005175519137394576,-6.203753198271409,0.0,38.21,0.06
2072.054680693086,2146.308332857546,0.3470480000388493,-9.104515564090437e-05,-6.316365182297507,0.0,38.24,0.05
2004.659691058334,1998.6468410069697,0.32748470485781755,-0.00020351121322507876,-6.817234903471961,0.0,38.33,0.05
2084.211486383579,2023.9293306172617,0.262673248833165,-0.0004000496912500784,-8.208794032959325,0.0,38.47,0.05
1906.859900023336,2115.5437705000704,0.405041439800273,0.00018420224450850116,-7.571056480508998,0.0,38.66,0.05
1971.7331324587021,1899.5097379713154,0.280056086005978,-0.00044168174902293295,-6.413829666116095,0.0,38.9,0.05
1999.9775472309902,1931.7908371645462,0.6742481329750987,0.000655030527183563,-5.099336081145353,0.0,39.18,0.05
1888.0532234630086,1984.235758196797,0.28779907092699347,0.0002313800417391512,-8.084977765078607,0.0,39.48,0.05
1921.4360355389,1983.4866633070856,0.5989768941303276,-0.00048767867757283385,-7.677348188432072,0.0,39.2,0.06
1884.6973339357962,1891.3975399110932,1.013147897823257,-0.0006552361151248538,-6.587035296777722,0.0,38.96,0.06
1905.6159089983673,1983.9552232540836,0.6101072916501326,0.00023504457423033704,-7.993067659237764,0.0,38.83,0.06
1921.1567399692476,1868.2170764958923,0.6461145681414973,0.00013174982514708314,-6.470214937112173,0.0,38.87,0.06
1876.7105385408051,2009.949082145797,1.0788343729023415,-0.00019514950330277295,-7.134996059473919,0.0,39.05,0.06
1771.2985484085755,1906.724786921875,0.3853930924325376,0.00036664854864839014,-5.953180662522055,0.0,39.26,0.06
1897.0297424576756,1952.4539876303734,0.2122496758118759,-0.0004525964625839167,-6.713506217147787,0.0,39.07,0.06
1896.0917060608317,1860.1916140805529,0.3102091017837648,0.000577226909522461,-4.988405984324954,0.0,38.93,0.06
1858.3021699018466,1753.3583078880656,0.00042205525348526507,0.0009553449843598165,-7.019222491410593,0.0,38.9,0.06
1771.0467480995753,1781.5168453303547,0.5012374392057815,0.0003993421757659392,-6.971002456313621,0.0,39.0,0.06
1709.4146840801957,1762.2351415469159,-0.06802026981399084,-0.00047858608129357417,-6.666201042528199,0.0,39.2,0.06
1768.1469478426634,1755.6542272743175,0.611564844868145,-0.0005883156700888263,-6.977146850575059,0.0,39.5,0.06
1766.0848223214125,1797.0722210142308,0.24614137980176395,1.5298777356443096e-05,-7.194460778699924,0.0,39.86,0.07
1681.155004625224,1797.05795719799,0.6616043205743716,0.0002705507771146127,-5.4589059151457695,0.0,39.5,0.07
1723.6147142483362,1681.027615283688,0.5151104807899558,0.0002584060269801002,-7.535312983594122,0.0,39.19,0.07
1631.5349046521085,1660.5628156770192,0.7738823290610192,0.00021945900128048817,-6.702670649772473,0.0,39.0,0.08
1682.8242664214995,1818.9889621361147,0.7151777562821872,0.0002624978071180524,-8.438841436941711,0.0,38.96,0.08
1694.7412545984037,1686.2653429099744,0.6244389376860694,-0.0003669333259857098,-5.523260372152486,0.0,39.08,0.08
1593.2923511371152,1532.066717907584,0.43087977362355,0.00011020117015392904,-7.961955278909035,0.0,39.27,0.08
1650.6329958421518,1636.5450895716806,0.721830624970657,-0.00018122801912862804,-4.610452106429678,0.0,39.09,0.08
1660.0445597472012,1569.709558537139,0.490061016095103,0.0003720118798759385,-7.322800672072304,0.0,39.01,0.08
1570.1926789040656,1655.6166209372102,-0.2646580690026139,0.00021939084592326118,-6.667390285563424,0.0,39.05,0.08
1525.4194630625234,1628.5892589723528,0.2908422262299282,-0.0006013018930512557,-7.0539700328245525,0.0,39.2,0.08
1544.4144539603478,1641.6791699521405,0.33924231678423317,-0.0004093552493089703,-8.982842353162091,0.0,39.46,0.08
1575.972268752732,1488.4987616606568,0.6416772813464218,0.0001719923496821852,-6.458522805596852,0.0,39.15,0.1
1542.1215286132974,1567.8708816259073,0.6747473212651848,-0.00024683272597438564,-9.08342265836453,0.0,38.87,0.1
1491.054599647735,1429.8027523570313,0.7805393132738494,-0.00024926595003575274,-8.44416608376311,0.0,38.63,0.1
1496.686029776341,1467.0113468195732,1.1513294406186965,0.00046180707329637413,-7.576360070394642,0.0,38.5,0.1
1413.1824670078684,1525.6137096345867,1.0959109838625243,-9.336034070120283e-05,-6.815768337797817,0.0,38.51,0.1
1419.6842408908096,1443.3986134229128,0.781882077884846,0.00029318065787615593,-5.722398561298655,0.0,38.65,0.1
1373.97832484314,1374.4740461633232,0.8011897744327172,-0.00016243557972597347,-7.158568789746459,0.0,38.89,0.11
1447.3198125203962,1501.3466946654692,0.44497913226004976,-0.0005198092945648409,-7.0895308282949605,0.0,38.67,0.11
1426.1035502015513,1402.8280520049848,0.5254355564876786,-0.0005388321233304922,-6.919023298190555,0.0,38.53,0.11
1516.6949330276211,1419.7829857601407,0.20716104625865167,-9.060248336803062e-05,-7.2537715782070284,0.0,38.53,0.11
1317.9592718952451,1364.3727054550393,0.19560171998269993,-0.0002214544574777255,-6.909205575992709,0.0,38.7,0.11
1265.7965903188242,1364.8026601303584,0.5243287667846448,-0.0005323179837174617,-6.030373410283601,0.0,39.0,0.11
1356.2169351954276,1432.720730816137,0.5368157579868476,0.0002810045226498849,-6.401327488983455,0.0,38.67,0.11
1362.1876870278543,1331.4113074645372,0.7348869887622219,-0.00048557714144700954,-6.657256449990003,0.0,38.41,0.11
1255.36649590642,1268.450370181852,0.9686006034581779,0.0010096045493529148,-5.480071361372946,0.0,38.27,0.11
1253.0150857490428,1346.8843447938289,1.1254653769903729,0.0007235319693677852,-6.847121904362798,0.0,38.27,0.11
1297.7478510940246,1313.4829518023475,0.8016344878906072,-0.00011064815585676962,-5.780308210203073,0.0,38.44,0.12
1127.5104218524405,1278.507043944247,0.5240971997040483,-8.562354703421994e-05,-4.893974405685645,0.0,38.2,0.12
1166.2551139917468,1235.9888879293528,0.48289931541337533,-0.00044073919657488896,-6.098200977452886,0.0,38.02,0.12
1157.4462903681556,1158.2160586686825,0.264948663851425,0.0004445316811225045,-7.684975544140469,0.0,37.96,0.12
1235.054184993127,1198.2806411284319,0.218994165365993,-7.030602765709329e-05,-3.993479114483577,0.0,38.07,0.12
1123.1203717831559,1170.4290793718135,0.5145755158896422,-0.0002731677017849413,-6.821089094105168,0.0,38.31,0.12
1208.6594515356805,1094.1725406542996,0.7297112804346843,-1.9788995801518814e-05,-5.2569914887416616,0.0,38.61,0.13
1188.1697998150578,1187.957487124846,0.7089158806514079,-1.3449998847239963e-05,-6.981281895345532,0.0,38.31,0.13
1086.6281820963857,1150.0482556536524,0.9423462539367595,6.260283444044544e-06,-6.420669179756531,0.0,38.16,0.13
1095.4384676253862,1049.6138421649994,0.8119253238224534,-0.000466126921752455,-5.198853386007953,0.0,38.24,0.13
1257.098450797374,1065.7747018005955,0.5971490068692626,0.0007292120960503692,-6.062124616689326,0.0,38.44,0.13
1143.7097515418668,1135.1899306641728,0.5128445904856829,-0.0005814415811488221,-5.635649792973696,0.0,38.16,0.15
1007.1158556792701,1061.0411708089923,0.25265518924321734,0.0009173708727785512,-5.4363056272039545,0.0,37.94,0.15
1033.8250117617063,933.3296083720795,0.2986842751266811,0.0008579850788210051,-6.54457364127302,0.0,37.88,0.15
1082.4930240833596,1031.2582744389813,0.17773994879111968,8.984781489049422e-05,-6.25642169611849,0.0,38.04,0.15
991.931070514221,1000.5455747158411,0.08897564554622905,-0.00027174817065569654,-6.537966230908616,0.0,38.38,0.15
975.6746997904846,937.5383764996318,0.45408724551681956,0.0005275987516310571,-3.9709898577221296,0.0,38.83,0.16
951.2433746373191,1027.2102402431856,0.9664136897721383,-0.0005707027558179572,-5.696221254496013,0.0,38.44,0.16
883.1446123589371,970.6591855471177,1.1562215188190985,-0.0006062226621880607,-4.856551800694148,0.0,38.27,0.16
878.4451670239933,925.0105847225443,0.9903971670338695,0.0012100771009851286,-7.177597332849071,0.0,38.36,0.16
878.3037098927352,873.5760500475452,0.9177517281862336,0.0003453632760677072,-5.394564932179382,0.0,38.56,0.16
926.1894864208821,883.3730803064196,0.9812214753175896,-0.0003952144482826154,-3.9202392090363958,0.0,38.8,0.19
831.3851949499547,954.6828527962331,0.6656807788373917,0.00034373209108235506,-5.525504708865043,0.0,38.63,0.19
802.3406205987709,811.3276995570895,0.22349839286464374,-0.000312320101765295,-5.527203103237752,0.0,38.55,0.19
952.6027632151898,817.8759427560796,0.6537702845849148,0.0006720371942570977,-6.295493404661484,0.0,38.54,0.19
775.3414288609652,716.1255757948229,0.2772690128256436,0.000263399483588337,-5.771855211531699,0.0,38.6,0.19
795.9231339181765,806.4067822832228,0.1520514036764439,-0.00017942932136059286,-4.959869080332904,0.0,38.83,0.19
729.4676049921871,709.7815732013073,0.83047872679858,0.00014217955881108628,-6.542637841540263,0.0,39.15,0.19
822.0062013062866,762.1659427783395,0.6156626782749871,0.0009654294471441928,-5.811510383649553,0.0,38.84,0.19
730.3345143634605,820.1280270575634,0.8275407941476542,0.0008762930953009225,-5.38484595515187,0.0,38.66,0.19
707.2080663264353,720.4145343306096,0.9035506207210022,-0.0007439175147994593,-5.716227520798026,0.0,38.71,0.19
728.7233988908972,745.1647013333001,0.6820069877531629,-0.00036313186679101195,-4.900375702609408,0.0,38.93,0.19
617.6603231946227,590.6081086451268,0.6556721221049552,-4.546978264435635e-05,-5.913814615955019,0.0,38.68,0.2
648.9469631542419,637.4576688680567,0.3709203819358131,-5.4782197416619536e-05,-5.574782981192466,0.0,38.5,0.2
583.3282838791534,660.440107905173,0.2810003031415054,-0.0005945341665302489,-4.786869954041583,0.0,38.48,0.2
660.72052093187,561.6884226951103,-0.22199597543437202,0.0001670121620470509,-4.553447665736654,0.0,38.67,0.2
608.6816292637727,621.5846422446308,0.530730044670883,0.0005722391748990596,-4.669073740434081,0.0,39.04,0.2
646.9196372717972,541.833212733259,1.3338588425688007,-0.00016567348013502193,-4.963549065516201,0.0,38.67,0.2
631.5483159787457,517.9023794930857,1.2386644637354087,0.0005624855070807992,-5.049754446538613,0.0,38.47,0.2
520.1762281956247,491.84512114343516,1.1814471343511073,0.00013792783104693156,-3.980972508379512,0.0,38.51,0.2
614.9461131214907,484.3040693231276,1.4130628693928402,-0.00045908332063760576,-4.058312850471946,0.0,38.77,0.2
443.580573274769,440.89698844742054,0.7152712639323049,0.000342484544620482,-6.468004563265905,0.0,38.43,0.2
457.1607134192934,489.9455938104171,0.23613545008635345,-0.00035945525795147426,-4.313851553173547,0.0,38.23,0.2
419.3990898262192,374.725761616448,-0.020749522630709172,-0.0009473773852582137,-6.009518177909011,0.0,38.23,0.2
419.219681603973,388.91650023045304,0.35653754386042197,-0.0004122543520917237,-5.272228427050145,0.0,38.42,0.2
370.6758126168378,388.9717790137343,0.9318128323977581,-0.0007671384277294483,-4.407539612610804,0.0,38.7,0.2
487.363085741786,358.5731867858527,0.7677063051543798,0.00014946659159610447,-5.613201233637851,0.0,38.43,0.19
381.58397315097307,304.8641541128721,0.5162761527690319,-0.0003861102074221514,-5.751729243224782,0.0,38.22,0.19
279.5285629503357,382.05768825745463,1.0001707633315124,-0.00027379035556272384,-5.284131536798152,0.0,38.15,0.19
320.25758070333836,351.0439484546469,0.964814329719631,0.0004625857021278542,-5.124057833102693,0.0,38.25,0.19
258.8520756070303,332.60133026264026,0.7170713407065538,-0.00037438814535926024,-6.5919023766135805,0.0,38.4,0.19
266.98023661140274,303.8755104557642,0.788444564353785,0.000404849851494489,-5.239329234294624,0.0,38.28,0.19
269.9273639573306,183.7340311961831,0.5378401766166495,-0.0005532371940452814,-4.432158181020051,0.0,38.28,0.19
212.38669640385208,228.1365789681759,0.4993250995016012,0.0008091996656364449,-4.461957546338827,0.0,38.4,0.19
250.21726053804014,141.604239893728,0.6704841307995307,0.0009876232927527497,-4.729901134549448,0.0,38.58,0.24
132.40356174473754,190.46343449713848,0.6771463341545971,0.00040614098934782484,-2.2721136689069863,0.0,38.42,0.24
188.81427618411536,105.41904316162481,1.2844334958146537,-0.00035817727103064465,-6.472949785400407,0.0,38.33,0.24
92.67539636555134,134.99853053907756,1.1958889977663847,-5.896416832762507e-05,-3.6852279382573663,0.0,38.36,0.24
105.87976526000645,108.74721328559197,0.7718983352771698,-6.521943125442731e-05,-3.920699030545645,0.0,38.48,0.24
107.78590348629835,137.06713737606572,0.3929059283239996,0.00026468062189239375,-4.5586019337691175,0.0,38.39,0.24
35.49690071402089,58.7759844419035,0.4200829775074383,4.901862646429278e-05,-2.465605339088694,0.0,38.37,0.24
50.89533989907669,73.92162209647651,0.440578953893426,0.000568868817417837,-2.8312136332082476,0.0,38.43,0.24
29.849951340730517,-145.6965914202745,0.5506550162078971,-0.0002028080661576919,-3.9651150908999444,0.0,38.52,0.24
